Grid,Hotspot,week,month,year,near
1,0,0,0,0,0
2,0,0,0,0,0
3,0,0,0,0,0
4,0,0,0,0,0
5,0,0,0,0,0
6,0,0,0,0,0
7,0,0,0,0,0
8,0,0,0,0,0
9,0,0,0,0,0
10,0,0,0,0,0
11,0,0,0,0,0
12,0,0,0,0,0
13,0,0,0,0,0
14,0,0,0,0,0
15,0,0,0,0,0
16,0,0,0,0,0
17,0,0,0,0,0
18,0,0,0,0,0
19,0,0,0,0,0
20,0,0,0,0,0
21,0,0,0,0,0
22,0,0,0,0,1
23,0,0,0,0,1
24,0,0,0,0,0
25,0,0,0,0,0
26,0,0,0,0,0
27,0,0,0,0,0
28,0,0,0,0,0
29,0,0,0,0,0
30,0,0,0,0,0
31,0,0,0,0,0
32,0,0,0,0,0
33,0,0,0,0,0
34,0,0,0,0,0
35,0,0,0,0,0
36,0,0,0,0,0
37,0,0,0,0,0
38,0,0,0,0,0
39,0,0,0,0,0
40,0,0,0,0,0
41,0,0,0,0,0
42,0,0,0,0,0
43,0,0,0,0,1
44,0,0,0,1,0
45,0,0,0,0,1
46,0,0,0,0,0
47,0,0,0,0,0
48,0,0,0,0,0
49,0,0,0,0,0
50,0,0,0,0,0
51,0,0,0,0,0
52,0,0,0,0,0
53,0,0,0,0,0
54,0,0,0,0,0
55,0,0,0,0,1
56,0,0,0,0,1
57,0,0,0,0,1
58,0,0,0,0,0
59,0,0,0,0,0
60,0,0,0,0,0
61,0,0,0,0,0
62,0,0,0,0,0
63,0,0,0,0,0
64,0,0,0,0,0
65,0,0,0,0,1
66,0,0,0,0,1
67,0,0,0,0,2
68,0,0,0,0,2
69,0,0,0,0,2
70,0,0,0,0,1
71,0,0,0,0,0
72,0,0,0,0,0
73,0,0,0,0,0
74,0,0,0,0,0
75,0,0,0,0,0
76,0,0,0,0,0
77,0,0,0,0,2
78,0,0,0,1,1
79,0,0,0,0,2
80,0,0,0,0,0
81,0,0,0,0,0
82,0,0,0,0,0
83,0,0,0,0,0
84,0,0,0,0,0
85,0,0,0,0,1
86,0,0,0,0,2
87,0,0,0,0,2
88,0,0,0,0,1
89,0,0,0,0,2
90,0,0,0,0,5
91,0,0,0,1,5
92,0,0,0,1,3
93,0,0,0,0,1
94,0,0,0,0,0
95,0,0,0,0,0
96,0,0,0,0,0
97,0,0,0,0,0
98,0,0,0,0,0
99,0,0,0,0,0
100,0,0,0,0,3
101,0,0,0,1,2
102,0,0,0,0,3
103,0,0,0,0,0
104,0,0,0,0,0
105,0,0,0,0,0
106,0,0,0,0,0
107,0,0,0,0,3
108,0,0,0,1,3
109,0,0,0,1,1
110,0,0,0,0,1
111,0,0,0,0,2
112,0,0,0,2,5
113,0,0,2,2,6
114,0,0,0,0,6
115,0,0,0,0,1
116,0,0,0,0,0
117,0,0,0,0,0
118,0,0,0,0,0
119,0,0,0,0,0
120,0,0,0,0,0
121,0,0,0,0,0
122,0,0,0,0,2
123,0,0,0,1,1
124,0,0,0,0,2
125,0,0,0,0,0
126,0,0,0,0,0
127,0,0,0,0,0
128,0,0,0,0,0
129,0,0,0,0,3
130,0,0,0,0,3
131,0,0,0,0,2
132,1,0,0,2,1
133,0,0,0,0,4
134,0,0,0,0,2
135,0,0,0,0,1
136,0,0,0,0,2
137,0,0,0,0,6
138,1,0,1,2,5
139,0,0,0,0,6
140,0,0,0,0,4
141,0,0,0,0,3
142,0,0,0,0,2
143,0,0,0,0,0
144,0,0,0,0,0
145,0,0,0,0,0
146,0,0,0,0,0
147,0,0,0,0,2
148,0,0,0,0,4
149,0,0,0,0,4
150,0,0,0,0,2
151,0,0,0,0,0
152,0,0,0,0,0
153,0,0,0,0,0
154,0,0,0,0,0
155,0,0,0,0,0
156,0,0,0,0,0
157,0,0,0,0,0
158,0,0,0,0,0
159,0,0,0,0,3
160,1,0,1,3,0
161,0,0,0,0,3
162,0,0,0,0,2
163,0,0,0,0,2
164,0,0,0,0,2
165,0,0,0,0,0
166,0,0,0,0,0
167,0,0,0,0,1
168,0,0,0,0,3
169,0,0,0,0,4
170,0,0,0,1,3
171,0,0,0,1,3
172,0,0,0,2,1
173,0,0,0,0,2
174,0,0,0,0,0
175,0,0,0,0,0
176,0,0,0,0,0
177,0,0,0,0,0
178,0,0,0,0,1
179,0,0,0,1,2
180,0,0,0,2,1
181,0,0,0,0,2
182,0,0,0,0,0
183,0,0,0,0,0
184,0,0,0,0,0
185,0,0,0,0,0
186,0,0,0,0,0
187,0,0,0,0,0
188,0,0,0,0,0
189,0,0,0,0,0
190,0,0,0,0,0
191,0,0,0,0,0
192,0,0,0,0,0
193,0,0,0,0,0
194,0,0,0,0,0
195,0,0,0,0,0
196,0,0,0,0,0
197,0,0,0,0,3
198,0,0,0,0,3
199,0,0,0,0,3
200,0,0,0,0,0
201,0,0,0,0,0
202,0,0,0,0,0
203,0,0,0,0,0
204,0,0,0,0,0
205,0,0,0,0,2
206,0,0,0,1,1
207,0,0,0,0,3
208,0,0,0,0,3
209,0,0,0,0,5
210,0,0,0,0,4
211,0,0,0,0,2
212,0,0,0,0,0
213,0,0,0,0,0
214,0,0,0,0,1
215,0,0,0,0,1
216,0,0,0,0,2
217,0,0,0,0,3
218,0,0,0,0,3
219,0,0,0,0,2
220,0,0,0,0,0
221,0,0,0,0,0
222,0,0,0,0,0
223,0,0,0,0,0
224,0,0,0,0,0
225,0,0,0,0,0
226,0,0,0,0,0
227,0,0,0,0,1
228,0,0,0,0,1
229,0,0,0,0,1
230,0,0,0,0,0
231,0,0,0,0,0
232,1,0,0,0,0
233,0,0,0,0,0
234,0,0,0,0,0
235,0,0,0,0,0
236,0,0,0,0,0
237,0,0,0,0,0
238,0,0,0,0,0
239,0,0,0,0,0
240,0,0,0,0,0
241,0,0,0,0,2
242,0,0,0,0,2
243,0,0,0,0,2
244,0,0,0,0,0
245,0,0,0,0,2
246,0,0,0,0,4
247,0,0,0,1,3
248,0,0,0,0,2
249,0,0,0,0,1
250,0,0,0,1,0
251,0,0,0,0,2
252,0,0,0,0,1
253,0,0,0,0,2
254,0,0,0,0,1
255,0,0,0,0,4
256,0,0,0,1,2
257,0,0,0,0,4
258,0,0,0,0,1
259,0,0,0,0,1
260,0,0,0,0,0
261,0,0,0,0,0
262,0,0,0,0,0
263,0,0,0,0,0
264,0,0,0,0,0
265,0,0,0,0,0
266,0,0,0,0,0
267,0,0,0,0,0
268,0,0,0,0,0
269,0,0,0,0,1
270,0,0,0,1,0
271,0,0,0,0,1
272,0,0,0,0,0
273,0,0,0,0,0
274,0,0,0,0,0
275,0,0,0,0,0
276,0,0,0,0,0
277,0,0,0,0,0
278,0,0,0,0,0
279,0,0,0,0,0
280,0,0,0,0,1
281,0,0,0,0,1
282,0,0,0,0,1
283,0,0,0,0,2
284,1,1,1,2,0
285,0,0,0,0,2
286,0,0,0,0,0
287,0,0,0,0,2
288,0,0,0,2,1
289,0,0,0,0,3
290,0,0,0,0,5
291,0,0,0,0,6
292,0,0,0,0,7
293,0,0,0,0,4
294,0,0,0,1,1
295,0,0,0,0,2
296,0,0,0,1,0
297,0,0,0,0,5
298,0,0,0,2,2
299,0,0,0,0,5
300,0,0,0,1,0
301,0,0,0,0,1
302,0,0,0,0,0
303,0,0,0,0,0
304,0,0,0,0,0
305,0,0,0,0,0
306,0,0,0,0,0
307,0,0,0,0,0
308,0,0,0,0,0
309,0,0,0,0,0
310,0,0,0,0,0
311,0,0,0,0,0
312,0,0,0,0,0
313,0,0,0,0,1
314,0,0,0,0,1
315,0,0,0,0,1
316,0,0,0,0,0
317,0,0,0,0,0
318,0,0,0,0,0
319,0,0,0,0,0
320,0,0,0,0,0
321,0,0,0,0,0
322,0,0,0,0,0
323,0,0,0,0,0
324,0,0,0,0,1
325,0,0,0,1,0
326,0,0,0,0,1
327,0,0,0,0,2
328,0,0,0,0,3
329,0,0,0,0,3
330,0,0,0,0,1
331,0,0,0,0,2
332,0,0,0,0,2
333,0,0,0,0,2
334,0,0,0,0,9
335,0,0,0,4,6
336,0,0,0,1,11
337,0,1,1,1,3
338,0,0,0,0,3
339,0,0,0,0,3
340,0,0,0,0,4
341,0,0,0,0,9
342,0,0,0,1,6
343,0,0,0,0,6
344,0,0,0,0,1
345,0,0,0,0,1
346,0,0,0,0,1
347,0,0,0,0,0
348,0,0,0,0,0
349,0,0,0,0,0
350,0,0,0,0,0
351,0,0,0,0,0
352,0,0,0,0,0
353,0,0,0,0,0
354,0,0,0,0,0
355,0,0,0,0,0
356,0,0,0,0,0
357,0,0,0,0,0
358,0,0,0,0,0
359,0,0,0,0,2
360,0,0,0,0,2
361,0,0,0,0,2
362,0,0,0,0,0
363,0,0,0,0,0
364,0,0,0,0,0
365,0,0,0,0,0
366,0,0,0,0,0
367,0,0,0,0,0
368,0,0,0,0,1
369,0,0,0,0,1
370,0,0,0,0,1
371,0,0,0,0,0
372,0,0,0,0,1
373,0,0,0,1,0
374,0,0,0,0,1
375,0,0,0,0,0
376,0,0,0,0,0
377,0,0,0,0,1
378,0,0,0,0,12
379,1,0,0,5,8
380,0,0,0,0,14
381,0,0,0,1,2
382,1,0,0,0,4
383,0,0,0,0,4
384,0,0,0,1,5
385,0,0,0,2,5
386,0,0,0,2,3
387,0,0,0,0,3
388,0,0,0,0,2
389,0,0,0,1,0
390,0,0,0,0,1
391,0,0,0,0,0
392,0,0,0,0,0
393,0,0,0,0,0
394,0,0,0,0,0
395,1,0,0,0,0
396,0,0,0,0,0
397,0,0,0,0,0
398,0,0,0,0,0
399,0,0,0,0,0
400,0,0,0,0,0
401,0,0,0,0,0
402,0,0,0,0,0
403,0,0,0,0,2
404,0,0,0,2,0
405,0,0,0,0,2
406,0,0,0,0,0
407,0,0,0,0,0
408,0,0,0,0,0
409,0,0,0,0,0
410,0,0,0,0,0
411,0,0,0,0,0
412,0,0,0,0,0
413,0,0,0,0,0
414,0,0,0,0,0
415,0,0,0,0,0
416,0,0,0,0,1
417,0,0,0,0,1
418,0,0,0,0,1
419,0,0,0,0,0
420,0,0,0,0,2
421,0,0,0,0,6
422,0,0,0,1,18
423,1,0,0,2,30
424,1,0,0,0,39
425,1,0,0,0,28
426,1,0,0,0,15
427,0,0,1,2,4
428,0,0,1,1,5
429,0,0,0,0,6
430,0,0,0,0,4
431,0,0,0,0,0
432,0,0,0,0,1
433,0,0,0,1,0
434,0,0,0,0,2
435,0,0,0,0,1
436,0,0,0,0,1
437,0,0,0,0,0
438,0,0,0,0,0
439,0,0,0,0,0
440,0,0,0,0,0
441,0,0,0,0,0
442,0,0,0,0,0
443,0,0,0,0,0
444,0,0,0,0,0
445,0,0,0,0,0
446,0,0,0,0,0
447,0,0,0,0,0
448,0,0,0,0,0
449,0,0,0,0,2
450,0,0,0,0,2
451,0,0,0,0,2
452,0,0,0,0,0
453,0,0,0,0,0
454,0,0,0,0,0
455,0,0,0,0,0
456,0,0,0,0,0
457,0,0,0,0,0
458,0,0,0,0,0
459,0,0,0,0,0
460,0,0,0,0,1
461,0,0,0,0,1
462,0,0,0,0,1
463,0,0,0,0,0
464,0,0,0,0,1
465,0,0,0,0,3
466,0,0,0,0,5
467,0,0,0,2,12
468,0,0,1,3,20
469,1,0,0,6,30
470,0,0,2,15,23
471,1,0,0,10,21
472,1,1,2,2,17
473,0,0,0,0,9
474,1,0,0,0,5
475,0,0,0,0,2
476,0,0,0,0,0
477,0,0,0,0,0
478,0,0,0,0,0
479,0,0,0,0,1
480,0,0,0,0,1
481,0,0,0,0,2
482,0,0,0,0,1
483,0,0,0,0,1
484,0,0,0,0,0
485,0,0,0,0,0
486,0,0,0,0,0
487,0,0,0,0,0
488,0,0,0,0,0
489,0,0,0,0,0
490,0,0,0,0,0
491,0,0,0,0,0
492,0,0,0,0,0
493,0,0,0,0,0
494,0,0,0,0,0
495,0,0,0,0,0
496,0,0,0,0,0
497,0,0,0,0,0
498,0,0,0,0,0
499,0,0,0,0,0
500,0,0,0,0,0
501,0,0,0,0,0
502,0,0,0,0,0
503,0,0,0,0,0
504,0,0,0,0,0
505,0,0,0,0,0
506,0,0,0,0,0
507,0,0,0,0,1
508,0,0,0,1,0
509,0,0,0,0,2
510,0,0,0,0,3
511,0,0,0,0,4
512,0,0,0,1,13
513,0,0,0,2,14
514,0,0,0,0,24
515,0,0,1,6,19
516,0,0,1,3,39
517,1,0,0,0,48
518,0,0,0,2,39
519,1,0,0,2,19
520,0,0,0,1,6
521,0,0,0,1,1
522,0,0,0,0,1
523,0,0,0,0,3
524,0,0,0,0,3
525,0,0,0,0,2
526,0,0,0,0,0
527,0,0,0,0,0
528,0,0,0,0,0
529,0,0,0,0,0
530,0,0,0,0,1
531,0,1,1,1,0
532,0,0,0,0,1
533,0,0,0,0,0
534,0,0,0,0,0
535,0,0,0,0,0
536,0,0,0,0,2
537,0,0,0,0,2
538,0,0,0,0,2
539,0,0,0,0,0
540,0,0,0,0,0
541,0,0,0,0,0
542,0,0,0,0,1
543,0,0,0,0,1
544,0,0,0,0,1
545,0,0,0,0,0
546,0,0,0,0,0
547,0,0,0,0,0
548,0,0,0,0,0
549,0,0,0,0,0
550,0,0,0,0,0
551,0,0,0,0,0
552,0,0,0,0,0
553,0,0,0,0,0
554,0,0,0,0,0
555,0,0,0,0,0
556,0,0,0,0,1
557,0,0,0,0,1
558,0,0,0,0,5
559,0,0,0,1,10
560,0,0,0,2,17
561,0,0,0,0,36
562,1,0,2,9,24
563,0,0,0,2,33
564,0,0,0,0,32
565,0,0,0,3,41
566,1,0,0,6,39
567,0,0,0,3,27
568,0,0,0,1,14
569,0,0,0,0,5
570,0,0,0,0,2
571,0,0,0,0,0
572,0,0,0,0,0
573,0,0,0,0,1
574,0,0,0,1,2
575,0,0,1,2,1
576,0,0,0,0,2
577,0,0,0,0,0
578,0,0,0,0,0
579,0,0,0,0,1
580,0,0,0,0,1
581,0,0,0,0,2
582,0,0,0,0,1
583,0,0,0,0,1
584,0,0,0,0,0
585,0,0,0,0,0
586,0,0,0,0,0
587,0,0,0,0,2
588,1,0,1,2,0
589,0,0,0,0,2
590,0,0,0,0,0
591,0,0,0,0,0
592,0,0,0,0,0
593,0,0,0,0,1
594,0,0,1,1,0
595,0,0,0,0,1
596,0,0,0,0,0
597,0,0,0,0,0
598,0,0,0,0,0
599,0,0,0,0,0
600,0,0,0,0,0
601,0,0,0,0,0
602,0,0,0,0,0
603,0,0,0,0,0
604,0,0,0,0,0
605,0,0,0,0,0
606,0,0,0,0,0
607,0,0,0,0,3
608,0,0,0,0,5
609,1,0,0,0,9
610,0,1,1,3,10
611,1,0,1,5,13
612,1,2,4,7,26
613,1,0,0,10,20
614,0,0,0,2,25
615,1,0,0,4,24
616,1,0,2,12,28
617,1,0,0,10,35
618,0,0,1,6,22
619,0,0,0,0,12
620,0,0,0,0,3
621,0,0,0,0,0
622,0,0,0,0,0
623,0,0,0,0,0
624,0,0,0,0,0
625,0,0,0,0,0
626,0,0,0,0,1
627,0,0,0,0,1
628,0,0,0,0,1
629,0,0,0,0,0
630,0,0,0,0,0
631,0,0,0,0,0
632,0,0,0,0,1
633,0,0,0,0,3
634,0,0,0,0,3
635,0,0,0,0,2
636,0,0,0,0,0
637,0,0,0,0,0
638,0,0,0,0,2
639,0,0,0,1,1
640,0,0,0,0,2
641,0,0,0,0,1
642,0,0,0,0,1
643,0,0,0,0,1
644,0,0,0,0,0
645,0,0,0,0,0
646,0,0,0,0,3
647,0,0,0,0,7
648,0,0,0,0,7
649,0,0,0,0,4
650,0,0,0,0,0
651,0,0,0,0,0
652,0,0,0,0,1
653,0,0,0,0,1
654,0,0,0,0,1
655,0,0,0,0,0
656,0,0,0,0,0
657,0,0,0,0,0
658,0,0,0,0,0
659,0,0,0,0,0
660,0,0,0,0,0
661,0,0,0,0,0
662,0,0,0,0,0
663,0,0,0,0,0
664,0,0,0,0,0
665,0,0,0,0,25
666,0,0,0,0,42
667,0,0,0,3,43
668,0,0,0,2,22
669,0,0,0,0,12
670,0,0,0,0,15
671,0,0,0,0,22
672,0,0,0,0,21
673,0,0,0,0,18
674,0,0,0,0,31
675,1,0,0,5,32
676,0,0,0,0,39
677,0,0,0,0,18
678,0,0,0,2,6
679,0,0,0,0,2
680,0,0,0,0,0
681,0,0,0,0,0
682,0,0,0,0,0
683,0,0,0,0,0
684,0,0,0,0,0
685,0,0,0,0,1
686,0,0,0,1,0
687,0,0,0,0,1
688,0,0,0,0,0
689,0,0,0,0,0
690,0,0,0,0,0
691,0,0,0,0,0
692,0,0,0,0,0
693,0,0,0,0,0
694,0,0,0,0,0
695,0,0,0,0,0
696,0,0,0,0,0
697,0,0,0,0,3
698,0,0,0,1,3
699,0,0,0,0,4
700,0,0,0,0,2
701,0,0,1,1,0
702,0,0,0,0,1
703,0,0,0,0,1
704,0,0,0,0,1
705,0,0,0,0,2
706,0,0,0,1,4
707,0,0,0,4,1
708,0,0,0,0,4
709,0,0,0,0,0
710,0,0,0,0,3
711,0,0,0,0,3
712,0,0,0,0,3
713,0,0,0,0,0
714,0,0,0,0,0
715,0,0,0,0,0
716,0,0,0,0,0
717,0,0,0,0,0
718,0,0,0,0,0
719,0,0,0,0,0
720,0,0,0,0,0
721,0,0,0,0,0
722,0,0,0,0,0
723,0,0,0,0,0
724,0,0,0,0,42
725,1,1,6,25,34
726,1,0,2,14,51
727,1,1,1,2,22
728,0,0,0,0,7
729,0,0,0,0,1
730,0,0,0,0,1
731,0,0,0,0,3
732,0,0,1,2,1
733,0,0,0,0,13
734,1,0,0,6,5
735,0,0,0,0,11
736,0,0,0,0,2
737,0,0,0,0,2
738,0,0,0,0,3
739,0,0,0,0,1
740,0,0,0,0,0
741,0,0,0,0,0
742,0,0,0,0,0
743,0,0,0,0,0
744,0,0,0,0,1
745,0,0,0,0,1
746,0,0,0,0,1
747,0,0,0,0,0
748,0,0,0,0,0
749,0,0,0,0,0
750,0,0,0,0,0
751,0,0,0,0,0
752,0,0,0,0,0
753,0,0,0,0,0
754,0,0,0,0,0
755,0,0,0,0,0
756,0,0,0,0,4
757,0,0,0,1,4
758,0,0,0,1,4
759,0,0,0,0,2
760,1,0,0,0,1
761,0,0,0,0,2
762,0,0,0,0,2
763,0,0,0,1,1
764,0,0,0,0,2
765,0,0,0,0,5
766,0,0,0,0,5
767,0,0,0,0,4
768,0,0,0,0,0
769,0,0,0,0,3
770,0,0,0,3,0
771,0,0,0,0,3
772,0,0,0,0,0
773,0,0,0,0,0
774,0,0,0,0,0
775,0,0,0,0,0
776,0,0,0,0,0
777,0,0,0,0,0
778,0,0,0,0,0
779,0,0,0,0,0
780,0,0,0,0,1
781,0,0,0,0,1
782,0,0,0,0,10
783,0,0,0,0,63
784,1,0,1,17,60
785,0,0,0,0,72
786,0,0,0,2,17
787,0,0,0,1,4
788,0,0,0,0,1
789,0,0,0,0,1
790,0,1,1,1,5
791,1,0,0,0,7
792,1,0,0,0,18
793,0,0,0,0,13
794,0,0,0,0,12
795,0,0,0,0,0
796,0,0,0,0,0
797,0,0,0,0,1
798,1,0,0,1,0
799,0,0,0,0,1
800,0,0,0,0,0
801,0,0,0,0,0
802,0,0,0,0,0
803,0,0,0,0,0
804,0,0,0,0,0
805,0,0,0,0,0
806,0,0,0,0,0
807,0,0,0,0,0
808,0,0,0,0,0
809,0,0,0,0,0
810,0,0,0,0,0
811,0,0,0,0,0
812,1,0,0,0,3
813,0,0,0,0,3
814,0,0,0,0,3
815,0,0,0,0,0
816,0,0,0,0,3
817,0,0,0,2,4
818,0,0,0,0,6
819,0,0,0,0,3
820,0,0,0,0,0
821,0,0,0,0,2
822,0,0,0,1,2
823,0,0,0,0,3
824,0,0,0,0,1
825,0,0,0,0,0
826,0,0,0,0,0
827,0,0,0,0,0
828,0,0,0,0,0
829,0,0,0,0,3
830,0,0,0,0,3
831,0,0,0,0,3
832,0,0,0,0,0
833,0,0,0,0,1
834,0,0,0,0,1
835,0,0,0,0,1
836,1,0,0,0,0
837,0,0,0,0,0
838,0,0,0,0,2
839,0,0,0,0,3
840,0,0,0,0,5
841,0,0,0,1,8
842,0,0,0,0,18
843,1,0,0,9,38
844,0,0,0,12,29
845,0,0,0,0,33
846,0,0,0,0,3
847,0,0,0,0,3
848,0,0,0,0,2
849,0,0,0,0,2
850,0,0,0,0,5
851,1,1,1,3,5
852,0,0,0,1,17
853,0,0,2,6,9
854,0,0,0,0,11
855,0,0,0,0,0
856,0,0,0,0,0
857,0,0,0,0,1
858,0,0,0,0,1
859,0,0,0,0,1
860,0,0,0,0,0
861,0,0,0,0,0
862,0,0,0,0,0
863,0,0,0,0,0
864,0,0,0,0,0
865,0,0,0,0,1
866,0,0,0,0,1
867,0,0,0,0,1
868,0,0,0,0,0
869,0,0,0,0,0
870,0,0,0,0,1
871,0,0,0,0,6
872,0,0,0,3,3
873,0,0,0,0,5
874,0,0,0,0,0
875,0,0,0,0,3
876,0,0,0,0,6
877,0,1,1,2,11
878,0,0,0,0,10
879,0,0,0,0,7
880,0,0,0,0,2
881,0,0,0,1,1
882,0,0,0,0,2
883,0,0,0,0,0
884,0,0,0,0,0
885,0,0,0,0,0
886,0,0,0,0,0
887,0,0,0,0,0
888,0,0,0,0,0
889,0,0,0,0,0
890,0,0,0,0,0
891,0,0,0,0,0
892,0,0,0,0,1
893,0,0,0,1,0
894,0,0,0,0,2
895,0,0,0,0,1
896,0,0,0,0,1
897,0,0,0,0,6
898,0,0,0,2,12
899,0,0,0,1,20
900,0,0,0,1,29
901,1,0,0,6,43
902,1,0,0,1,55
903,1,0,1,2,39
904,0,0,0,0,14
905,1,0,0,0,0
906,0,0,0,0,1
907,1,0,0,0,2
908,0,0,0,1,1
909,0,0,0,0,5
910,0,0,0,0,8
911,0,0,0,3,16
912,0,0,0,5,10
913,0,0,0,0,11
914,0,0,0,0,0
915,0,0,0,0,0
916,0,0,0,0,0
917,0,0,0,0,0
918,0,0,0,0,0
919,0,0,0,0,0
920,0,0,0,0,0
921,0,0,0,0,0
922,0,0,0,0,0
923,0,0,0,0,0
924,0,0,0,0,1
925,0,0,0,1,1
926,0,0,0,0,2
927,0,0,0,0,1
928,0,0,0,0,2
929,0,0,0,0,8
930,0,0,0,1,13
931,0,0,0,2,10
932,0,0,0,0,6
933,0,0,0,0,0
934,0,0,0,0,1
935,0,0,0,1,3
936,0,0,0,1,15
937,0,0,0,7,8
938,0,0,0,0,12
939,0,0,0,0,1
940,0,0,0,0,1
941,0,0,0,0,1
942,0,0,0,0,1
943,0,0,0,0,3
944,0,0,0,0,3
945,0,0,0,0,2
946,0,0,0,0,0
947,1,0,0,0,2
948,0,0,0,0,4
949,0,0,0,0,4
950,0,0,0,0,2
951,0,0,0,0,1
952,0,0,0,0,1
953,0,0,0,0,2
954,0,0,0,1,0
955,0,0,0,0,2
956,0,0,0,0,22
957,1,0,0,4,30
958,0,0,0,7,50
959,0,0,1,5,61
960,1,0,2,9,71
961,1,0,3,17,41
962,0,0,0,0,28
963,0,0,0,0,2
964,0,0,0,0,4
965,0,0,0,0,6
966,0,0,0,1,10
967,0,0,0,0,10
968,0,0,0,0,9
969,0,0,0,1,7
970,0,0,0,0,10
971,0,0,0,0,9
972,0,0,0,0,5
973,0,0,0,0,0
974,0,0,0,0,0
975,0,0,0,0,1
976,0,0,0,0,1
977,0,0,0,0,1
978,0,0,0,0,1
979,0,0,0,0,1
980,0,0,0,0,1
981,0,0,0,0,0
982,0,0,0,0,1
983,0,0,0,0,2
984,0,0,0,1,1
985,0,0,0,0,1
986,0,0,0,0,4
987,0,1,1,2,9
988,1,1,2,5,11
989,1,0,1,1,11
990,0,0,0,0,5
991,0,0,0,0,0
992,0,0,0,0,1
993,0,0,0,0,3
994,0,0,0,0,19
995,0,0,0,5,15
996,0,0,0,0,18
997,0,0,0,0,3
998,0,0,0,0,1
999,0,0,0,0,1
1000,0,0,0,0,3
1001,0,0,0,1,4
1002,0,0,2,2,3
1003,0,0,0,0,5
1004,0,0,0,0,5
1005,0,0,0,0,7
1006,0,0,0,2,6
1007,0,0,0,2,9
1008,0,0,0,0,9
1009,0,0,0,0,5
1010,0,0,0,0,0
1011,0,0,0,0,1
1012,0,0,0,0,2
1013,0,0,0,0,15
1014,0,0,1,1,39
1015,1,0,1,15,36
1016,0,1,1,4,73
1017,1,0,1,18,67
1018,1,0,2,15,92
1019,1,0,0,8,64
1020,0,0,0,0,38
1021,0,0,0,0,5
1022,0,0,0,0,6
1023,0,0,0,4,4
1024,0,0,0,1,11
1025,0,0,0,4,6
1026,1,0,0,3,6
1027,0,0,0,0,5
1028,0,0,0,1,1
1029,0,0,0,0,1
1030,0,0,0,0,0
1031,0,0,0,0,0
1032,0,0,0,0,0
1033,0,0,0,0,1
1034,0,0,0,1,0
1035,0,0,0,0,1
1036,0,0,0,0,0
1037,0,0,0,0,1
1038,0,0,1,1,0
1039,0,0,0,0,1
1040,0,0,0,0,0
1041,0,0,0,0,0
1042,0,0,0,0,1
1043,0,0,0,0,1
1044,0,0,0,0,1
1045,0,0,0,0,4
1046,0,0,0,2,8
1047,0,0,0,1,12
1048,0,0,0,2,7
1049,0,0,0,0,3
1050,0,0,0,0,0
1051,0,0,0,0,0
1052,0,0,0,0,1
1053,0,0,0,1,9
1054,0,0,0,4,8
1055,0,0,2,2,11
1056,0,0,0,0,5
1057,0,0,0,1,2
1058,0,0,0,0,1
1059,0,0,0,0,3
1060,0,0,0,2,3
1061,0,0,0,0,5
1062,0,0,0,0,5
1063,0,0,3,3,6
1064,0,0,1,2,11
1065,0,0,0,0,18
1066,0,0,0,2,15
1067,0,0,0,5,8
1068,0,0,0,0,5
1069,0,0,0,0,0
1070,0,0,0,0,0
1071,0,0,0,0,1
1072,0,0,0,1,19
1073,0,0,0,12,35
1074,1,2,2,7,46
1075,0,0,0,1,74
1076,1,0,0,16,61
1077,1,0,0,10,79
1078,0,0,0,9,46
1079,1,0,1,4,22
1080,0,0,0,0,8
1081,0,0,0,1,5
1082,0,0,0,1,6
1083,0,0,0,0,11
1084,0,0,0,1,8
1085,0,0,0,0,8
1086,0,0,0,0,4
1087,0,0,0,0,1
1088,0,0,0,0,1
1089,0,0,0,0,0
1090,0,0,0,0,0
1091,0,0,0,0,0
1092,0,0,0,0,1
1093,0,0,0,0,1
1094,0,0,0,0,1
1095,0,0,0,0,0
1096,0,0,0,0,1
1097,0,0,0,0,1
1098,0,0,0,0,1
1099,0,0,0,0,0
1100,0,0,0,0,0
1101,0,0,0,0,0
1102,0,0,0,0,0
1103,0,0,0,0,0
1104,0,0,0,0,2
1105,0,0,0,0,4
1106,0,0,0,0,6
1107,0,0,0,0,4
1108,0,0,0,0,2
1109,0,0,0,0,0
1110,0,0,0,0,0
1111,0,0,0,0,1
1112,0,0,0,0,5
1113,0,0,0,0,7
1114,0,0,0,0,8
1115,0,0,0,2,9
1116,0,0,0,0,13
1117,0,0,0,0,11
1118,0,0,0,0,6
1119,0,0,0,0,2
1120,0,0,0,0,2
1121,0,0,0,0,5
1122,0,0,0,0,28
1123,0,0,0,4,27
1124,0,0,0,2,31
1125,0,0,0,4,14
1126,0,0,0,0,15
1127,0,0,0,0,9
1128,0,0,0,0,6
1129,0,0,0,0,8
1130,0,0,0,0,8
1131,0,0,0,0,21
1132,0,0,3,6,34
1133,1,0,0,5,43
1134,0,0,0,2,62
1135,1,0,0,7,51
1136,0,0,1,4,57
1137,0,0,0,2,34
1138,1,0,0,3,20
1139,0,0,0,0,12
1140,0,0,0,0,4
1141,0,0,0,0,2
1142,0,0,0,0,2
1143,0,0,0,0,1
1144,0,0,0,0,2
1145,0,0,0,0,1
1146,0,0,0,0,1
1147,0,0,0,0,0
1148,0,0,0,0,0
1149,0,0,0,0,0
1150,0,0,0,0,0
1151,0,0,0,0,0
1152,0,0,0,0,0
1153,0,0,0,0,0
1154,0,0,0,0,0
1155,0,0,0,0,0
1156,0,0,0,0,0
1157,1,0,0,0,0
1158,0,0,0,0,0
1159,0,0,0,0,0
1160,0,0,0,0,0
1161,0,0,0,0,0
1162,0,0,0,0,0
1163,0,0,0,0,1
1164,0,0,0,1,0
1165,0,0,0,0,1
1166,0,0,0,0,0
1167,0,0,0,0,0
1168,0,0,0,0,0
1169,0,0,0,0,0
1170,0,0,0,0,0
1171,0,0,0,0,0
1172,0,0,0,0,2
1173,0,0,0,0,8
1174,0,1,3,6,7
1175,0,1,1,4,7
1176,0,0,0,0,5
1177,0,0,0,0,0
1178,0,0,0,0,0
1179,0,0,0,0,2
1180,1,0,0,2,25
1181,1,0,4,17,15
1182,0,0,1,1,62
1183,1,0,0,1,48
1184,0,0,0,3,45
1185,0,0,0,0,26
1186,0,0,0,1,25
1187,0,0,0,5,46
1188,0,0,0,2,38
1189,0,0,0,0,35
1190,0,0,0,0,80
1191,0,2,3,9,85
1192,0,0,0,6,116
1193,0,0,0,11,45
1194,0,0,0,1,45
1195,0,0,0,1,17
1196,0,0,0,2,13
1197,1,0,1,2,11
1198,0,0,0,0,8
1199,0,0,0,0,3
1200,0,0,0,0,1
1201,0,0,0,0,0
1202,0,0,0,0,1
1203,0,0,0,1,0
1204,0,0,0,0,1
1205,0,0,0,0,0
1206,0,0,0,0,0
1207,0,0,0,0,0
1208,0,0,0,0,1
1209,0,0,0,0,1
1210,0,0,0,0,2
1211,0,0,0,0,1
1212,0,0,0,0,1
1213,0,0,0,0,0
1214,0,0,0,0,0
1215,0,0,0,0,0
1216,0,0,0,0,0
1217,0,0,0,0,0
1218,0,0,0,0,0
1219,0,0,0,0,0
1220,0,0,0,0,1
1221,0,0,0,0,1
1222,0,0,0,0,1
1223,0,0,0,0,0
1224,0,0,0,0,0
1225,0,0,0,0,0
1226,0,0,0,0,0
1227,0,0,0,0,0
1228,0,0,0,0,0
1229,0,0,0,0,0
1230,0,0,0,0,6
1231,0,0,0,0,11
1232,0,0,0,1,11
1233,0,0,0,0,6
1234,0,0,0,0,2
1235,0,0,0,0,1
1236,0,0,0,0,3
1237,0,0,0,0,33
1238,1,0,0,4,45
1239,0,0,0,2,86
1240,1,0,4,28,46
1241,0,0,0,8,61
1242,0,0,0,4,42
1243,0,0,0,10,39
1244,1,0,0,6,74
1245,1,0,4,27,35
1246,0,0,0,0,43
1247,0,0,0,0,82
1248,1,3,15,60,58
1249,0,2,2,6,141
1250,1,0,0,16,58
1251,0,0,0,3,37
1252,0,0,0,1,12
1253,0,0,0,1,10
1254,0,0,0,3,8
1255,0,0,0,2,7
1256,0,0,0,1,2
1257,0,0,0,0,1
1258,0,0,0,0,0
1259,0,0,0,0,1
1260,0,0,0,0,1
1261,0,0,0,0,1
1262,0,0,0,0,0
1263,0,0,0,0,0
1264,0,0,0,0,0
1265,0,0,0,0,1
1266,0,0,0,1,0
1267,0,0,0,0,2
1268,0,0,0,1,0
1269,0,0,0,0,1
1270,0,0,0,0,0
1271,0,0,0,0,0
1272,0,0,0,0,2
1273,0,0,0,0,2
1274,0,0,0,0,2
1275,0,0,0,0,0
1276,0,0,0,0,0
1277,0,0,0,0,0
1278,0,0,0,0,1
1279,0,0,0,0,1
1280,0,0,0,0,1
1281,0,0,0,0,0
1282,0,0,0,0,0
1283,0,0,0,0,0
1284,0,0,0,0,1
1285,0,0,0,0,1
1286,0,0,0,0,2
1287,0,0,0,0,2
1288,0,0,0,0,3
1289,0,0,1,1,1
1290,0,0,0,0,2
1291,0,0,0,1,7
1292,0,0,0,0,16
1293,0,0,0,0,37
1294,0,0,0,10,40
1295,1,1,2,13,83
1296,0,0,0,12,124
1297,0,0,0,6,132
1298,1,0,0,7,120
1299,0,0,0,7,74
1300,1,1,2,9,93
1301,1,1,2,13,46
1302,0,0,0,0,50
1303,1,0,0,1,127
1304,1,0,1,12,160
1305,1,0,3,24,194
1306,0,0,0,3,102
1307,1,0,0,4,61
1308,0,0,0,0,17
1309,0,0,0,0,15
1310,0,0,0,1,12
1311,0,0,0,0,11
1312,0,0,0,0,5
1313,0,0,0,0,3
1314,0,0,0,0,1
1315,0,0,0,0,1
1316,0,0,0,0,1
1317,0,0,0,0,0
1318,0,0,0,0,1
1319,0,0,0,0,1
1320,0,0,0,0,1
1321,0,0,0,0,1
1322,0,0,0,0,1
1323,0,0,0,0,2
1324,0,0,0,0,1
1325,0,0,0,0,1
1326,0,0,0,0,0
1327,0,0,0,0,2
1328,0,0,0,2,0
1329,0,0,0,0,3
1330,0,0,0,0,1
1331,0,0,0,0,1
1332,0,0,0,0,0
1333,0,0,0,0,2
1334,0,0,0,1,1
1335,0,0,0,0,2
1336,0,0,0,0,0
1337,0,0,0,0,0
1338,0,0,0,0,4
1339,0,0,0,0,5
1340,0,0,0,1,4
1341,0,0,0,0,2
1342,0,0,1,1,0
1343,0,0,0,0,2
1344,0,0,0,0,2
1345,0,0,0,0,4
1346,0,0,0,0,14
1347,0,0,0,7,24
1348,1,0,0,8,68
1349,1,0,2,8,76
1350,1,0,1,5,92
1351,1,1,7,14,110
1352,1,0,1,48,75
1353,1,0,0,11,192
1354,1,1,3,26,141
1355,0,0,0,1,202
1356,0,0,0,3,94
1357,0,0,0,0,103
1358,0,0,0,6,168
1359,1,1,6,49,170
1360,1,0,3,14,203
1361,1,3,4,34,63
1362,0,0,0,1,63
1363,0,0,0,3,25
1364,0,0,0,4,23
1365,0,0,0,2,10
1366,0,0,0,0,8
1367,0,0,0,2,13
1368,0,0,0,0,18
1369,0,0,0,0,25
1370,0,1,1,1,15
1371,0,0,0,0,12
1372,0,0,0,0,3
1373,0,0,0,0,2
1374,0,0,0,1,0
1375,0,0,0,0,1
1376,0,0,0,0,0
1377,0,0,0,0,0
1378,0,0,0,0,0
1379,0,0,0,0,1
1380,0,0,0,0,1
1381,0,0,0,0,0
1382,0,0,0,0,2
1383,0,0,0,0,2
1384,0,0,0,0,3
1385,0,0,0,1,0
1386,0,0,0,0,5
1387,0,0,0,0,7
1388,0,0,0,0,9
1389,0,0,0,1,4
1390,0,0,0,0,2
1391,0,0,0,0,0
1392,0,0,0,0,0
1393,0,0,0,0,4
1394,0,0,0,4,1
1395,0,0,0,0,5
1396,0,0,0,0,2
1397,0,0,0,0,1
1398,0,0,0,0,1
1399,0,0,0,0,4
1400,0,0,1,1,4
1401,0,0,0,1,22
1402,0,0,1,4,33
1403,1,1,2,10,76
1404,1,3,4,29,52
1405,0,0,0,1,85
1406,0,1,1,5,106
1407,1,0,6,20,99
1408,0,0,0,0,243
1409,1,2,9,78,140
1410,1,0,3,28,335
1411,1,0,4,38,205
1412,0,2,2,5,318
1413,1,1,2,37,260
1414,1,1,5,64,233
1415,1,3,3,12,224
1416,1,0,0,5,124
1417,0,0,0,0,122
1418,0,2,2,14,49
1419,1,0,0,2,31
1420,0,0,0,1,18
1421,0,0,0,2,11
1422,0,0,0,0,29
1423,0,0,0,11,28
1424,0,0,0,5,46
1425,1,0,0,8,26
1426,1,0,0,2,17
1427,0,0,0,1,2
1428,0,0,0,0,2
1429,0,0,0,0,1
1430,0,0,0,0,1
1431,0,0,0,0,0
1432,0,0,0,0,0
1433,0,0,0,0,0
1434,0,0,0,0,2
1435,0,0,0,1,1
1436,0,0,0,0,0
1437,0,0,0,0,0
1438,0,0,0,0,0
1439,0,0,0,0,1
1440,0,0,0,0,1
1441,0,0,0,0,5
1442,0,0,1,4,3
1443,0,0,0,3,5
1444,0,0,0,0,4
1445,0,0,0,0,1
1446,0,0,0,0,0
1447,0,0,0,0,0
1448,0,0,0,0,4
1449,0,0,0,0,4
1450,0,0,0,0,4
1451,0,0,0,0,0
1452,0,0,0,0,0
1453,0,0,0,0,0
1454,0,0,0,0,4
1455,1,0,1,3,7
1456,1,0,0,0,21
1457,1,0,1,7,21
1458,0,0,0,0,94
1459,0,0,1,13,78
1460,1,0,1,7,82
1461,0,0,0,4,40
1462,0,4,4,7,39
1463,1,0,1,10,160
1464,1,1,5,43,173
1465,1,1,1,21,395
1466,1,5,16,125,227
1467,1,0,2,22,397
1468,1,4,15,87,220
1469,1,2,2,27,232
1470,0,0,0,1,168
1471,1,1,3,30,77
1472,1,2,3,32,71
1473,0,0,1,3,58
1474,0,0,2,4,26
1475,0,0,0,0,19
1476,0,0,1,4,9
1477,0,0,0,2,25
1478,1,1,2,8,36
1479,0,0,1,11,46
1480,0,0,2,7,33
1481,0,0,0,0,18
1482,0,0,0,0,3
1483,0,0,0,0,1
1484,0,0,0,0,0
1485,0,0,0,0,0
1486,0,0,0,0,0
1487,1,0,0,0,0
1488,1,0,0,0,0
1489,0,0,0,0,2
1490,0,0,0,1,1
1491,0,0,0,0,0
1492,0,0,0,0,0
1493,0,0,0,0,0
1494,0,0,0,0,0
1495,0,0,0,0,0
1496,0,0,0,0,1
1497,0,0,0,0,6
1498,0,0,0,0,9
1499,0,0,0,0,9
1500,0,0,0,0,4
1501,0,0,0,0,1
1502,0,0,0,0,0
1503,0,0,0,0,3
1504,0,0,0,0,9
1505,1,0,0,0,9
1506,0,0,0,0,6
1507,0,0,0,0,0
1508,0,0,0,0,0
1509,0,0,0,0,0
1510,0,0,0,0,9
1511,0,0,0,0,16
1512,0,0,0,5,31
1513,0,0,0,0,33
1514,0,0,0,1,97
1515,1,0,0,30,56
1516,0,0,0,0,93
1517,1,0,0,0,30
1518,0,0,0,0,33
1519,0,0,0,0,95
1520,0,0,6,12,124
1521,1,0,1,24,391
1522,1,3,8,47,386
1523,1,0,3,42,563
1524,1,0,1,16,386
1525,1,0,0,7,336
1526,0,1,1,8,207
1527,1,0,2,15,151
1528,0,0,1,4,156
1529,0,0,0,0,84
1530,0,0,0,2,49
1531,0,2,2,4,23
1532,0,0,0,0,11
1533,0,0,0,0,15
1534,0,0,0,0,29
1535,0,0,0,7,27
1536,0,0,0,0,25
1537,0,0,0,0,8
1538,0,0,0,0,1
1539,0,0,0,0,2
1540,0,0,0,0,1
1541,0,0,0,0,1
1542,0,0,0,0,0
1543,0,0,0,0,0
1544,0,0,0,0,0
1545,0,0,0,0,1
1546,0,0,0,0,1
1547,0,0,0,0,0
1548,0,0,0,0,1
1549,0,0,0,0,1
1550,0,0,0,0,1
1551,0,0,0,0,0
1552,0,0,0,0,3
1553,0,0,0,1,3
1554,0,0,0,1,3
1555,0,0,0,0,3
1556,0,0,1,1,3
1557,0,0,0,0,4
1558,0,0,0,0,6
1559,0,0,0,0,7
1560,0,0,2,3,13
1561,0,0,0,6,6
1562,0,0,0,0,9
1563,0,0,0,0,0
1564,0,0,0,0,0
1565,0,0,0,0,0
1566,0,0,0,0,11
1567,0,0,1,6,13
1568,0,0,0,2,37
1569,1,0,2,13,22
1570,0,0,0,5,98
1571,1,0,2,29,71
1572,1,0,0,1,136
1573,0,0,2,9,61
1574,0,0,0,2,54
1575,0,0,0,1,49
1576,1,1,4,20,53
1577,0,0,0,5,275
1578,1,2,10,118,228
1579,1,1,6,29,445
1580,1,2,12,119,241
1581,1,1,6,53,261
1582,1,1,2,25,229
1583,1,0,4,49,125
1584,0,0,0,2,220
1585,0,0,7,25,123
1586,1,0,2,12,130
1587,0,0,0,1,36
1588,0,0,0,0,11
1589,0,0,0,0,4
1590,0,0,0,1,9
1591,0,0,0,0,11
1592,1,0,0,0,8
1593,0,0,0,0,2
1594,0,0,0,1,0
1595,0,0,0,0,2
1596,0,0,0,1,0
1597,0,0,0,0,1
1598,0,0,0,0,0
1599,0,0,0,0,0
1600,0,0,0,0,0
1601,0,0,0,0,0
1602,0,0,0,0,0
1603,0,0,0,0,0
1604,0,0,0,0,0
1605,0,0,0,0,0
1606,0,0,0,0,0
1607,0,0,0,0,1
1608,0,0,0,1,0
1609,1,0,0,0,1
1610,0,0,0,0,0
1611,0,0,0,0,3
1612,0,0,0,2,2
1613,0,0,0,0,4
1614,0,0,0,0,3
1615,0,0,0,1,3
1616,0,0,2,2,2
1617,0,0,0,0,16
1618,1,0,0,4,16
1619,0,0,0,0,29
1620,0,0,0,3,12
1621,0,0,0,0,9
1622,0,0,0,0,0
1623,0,0,0,0,0
1624,0,0,0,0,0
1625,0,0,0,0,12
1626,0,0,0,5,27
1627,0,0,0,1,55
1628,1,1,1,7,44
1629,0,0,0,1,76
1630,1,1,3,17,53
1631,1,1,5,16,116
1632,1,0,11,35,67
1633,1,0,0,7,82
1634,0,0,0,2,45
1635,1,0,0,6,34
1636,0,0,0,3,197
1637,1,0,4,45,200
1638,1,0,8,33,388
1639,1,3,4,25,357
1640,1,4,6,36,356
1641,1,2,3,25,274
1642,1,0,2,36,187
1643,1,1,2,10,288
1644,1,3,11,81,150
1645,1,1,1,12,177
1646,0,0,0,5,28
1647,1,0,0,1,8
1648,0,0,0,0,5
1649,0,0,0,2,2
1650,0,0,0,0,4
1651,1,0,0,1,1
1652,0,0,0,0,3
1653,1,0,0,0,2
1654,0,0,0,0,2
1655,0,0,0,0,1
1656,0,0,0,0,1
1657,0,0,0,0,0
1658,0,0,0,0,1
1659,0,0,0,0,1
1660,0,0,0,0,8
1661,0,0,0,0,7
1662,1,0,0,0,7
1663,0,0,0,0,0
1664,0,0,0,0,0
1665,0,0,0,0,0
1666,0,0,0,0,0
1667,0,0,0,0,0
1668,0,0,0,0,0
1669,0,0,0,0,1
1670,0,0,0,0,2
1671,0,0,0,0,2
1672,0,0,0,0,1
1673,0,0,0,0,2
1674,0,0,0,0,2
1675,0,0,0,0,2
1676,0,0,0,0,1
1677,0,0,0,0,4
1678,0,0,0,0,4
1679,0,0,0,0,23
1680,0,0,0,10,13
1681,0,0,0,3,23
1682,0,0,0,0,11
1683,0,0,0,0,11
1684,0,0,0,0,11
1685,0,0,0,0,31
1686,0,0,0,0,48
1687,0,0,0,0,78
1688,0,0,0,1,73
1689,0,0,0,17,64
1690,1,0,0,4,46
1691,0,0,0,1,54
1692,0,0,0,0,44
1693,0,0,0,0,178
1694,1,0,4,25,184
1695,1,0,1,7,195
1696,0,0,0,1,78
1697,0,0,0,1,28
1698,0,0,0,1,83
1699,1,0,0,1,115
1700,1,0,2,10,259
1701,1,1,4,41,691
1702,1,2,3,36,745
1703,1,0,3,32,669
1704,1,0,1,7,215
1705,1,1,4,37,237
1706,1,2,7,51,182
1707,0,0,0,1,195
1708,0,0,0,1,64
1709,0,0,0,0,27
1710,0,0,0,1,17
1711,0,0,0,0,4
1712,0,0,0,0,4
1713,0,0,0,0,3
1714,0,0,0,1,1
1715,0,0,0,0,1
1716,0,0,0,0,0
1717,0,0,0,0,0
1718,0,0,0,0,0
1719,0,0,0,0,0
1720,0,0,0,0,1
1721,0,0,0,1,1
1722,0,0,0,0,19
1723,0,0,0,7,12
1724,0,0,0,0,18
1725,0,0,0,0,0
1726,0,0,0,0,0
1727,0,0,0,0,0
1728,0,0,0,0,0
1729,0,0,0,0,0
1730,0,0,0,0,0
1731,0,0,0,0,0
1732,0,0,0,0,0
1733,0,0,0,0,1
1734,0,0,0,1,0
1735,0,0,0,0,4
1736,0,0,0,0,3
1737,0,0,0,0,3
1738,0,0,0,0,0
1739,1,0,0,0,2
1740,0,0,0,0,3
1741,0,0,0,1,2
1742,0,0,0,0,17
1743,0,0,0,6,15
1744,0,0,0,0,23
1745,0,0,0,0,14
1746,0,0,3,5,7
1747,1,0,0,3,21
1748,0,0,0,3,47
1749,1,1,1,25,85
1750,1,0,2,20,148
1751,1,0,1,27,136
1752,1,0,1,3,142
1753,1,0,3,16,58
1754,0,0,0,0,59
1755,1,0,0,9,5
1756,0,0,0,0,168
1757,1,3,14,76,169
1758,1,0,3,43,220
1759,0,0,1,6,144
1760,0,1,1,6,89
1761,1,0,1,3,174
1762,1,0,2,18,142
1763,1,0,0,2,312
1764,1,4,22,94,692
1765,1,17,74,455,394
1766,1,1,3,37,764
1767,1,1,4,37,230
1768,0,0,0,1,252
1769,1,1,6,14,146
1770,1,0,1,26,106
1771,1,0,0,5,70
1772,0,1,3,14,16
1773,0,0,0,0,24
1774,1,0,0,0,8
1775,0,0,0,1,6
1776,0,0,0,0,4
1777,0,0,0,0,3
1778,0,0,0,0,4
1779,0,0,0,0,3
1780,0,0,0,0,3
1781,0,0,0,0,0
1782,0,0,0,0,0
1783,0,0,0,0,5
1784,0,0,0,0,6
1785,0,0,0,1,31
1786,1,0,1,10,19
1787,0,0,0,1,27
1788,0,0,0,0,0
1789,0,0,0,0,0
1790,0,0,0,0,0
1791,0,0,0,0,0
1792,0,0,0,0,0
1793,0,0,0,0,0
1794,0,0,0,0,0
1795,0,0,0,0,0
1796,0,0,0,0,3
1797,1,0,0,0,3
1798,0,0,0,0,6
1799,0,0,0,3,0
1800,0,0,0,0,3
1801,0,0,0,0,0
1802,0,0,0,0,2
1803,0,0,0,2,1
1804,0,0,0,0,3
1805,0,0,0,0,7
1806,0,0,0,0,9
1807,0,0,0,2,9
1808,1,0,0,2,19
1809,0,0,0,2,21
1810,1,0,0,0,53
1811,1,0,2,11,60
1812,0,0,0,8,134
1813,1,0,2,43,146
1814,1,1,7,44,147
1815,1,0,4,8,181
1816,0,0,6,25,101
1817,1,0,0,0,146
1818,0,0,2,4,135
1819,0,0,0,0,299
1820,1,1,12,54,291
1821,1,1,2,40,261
1822,0,0,1,11,180
1823,1,0,3,35,100
1824,1,2,3,31,206
1825,1,0,8,81,150
1826,1,2,3,13,493
1827,1,2,6,54,869
1828,1,1,13,81,851
1829,0,1,3,19,1001
1830,1,2,12,97,422
1831,0,0,0,0,495
1832,1,0,3,9,140
1833,1,1,8,21,97
1834,0,0,0,4,88
1835,1,0,0,3,28
1836,0,0,0,2,32
1837,0,0,2,4,12
1838,0,0,0,0,17
1839,0,0,0,2,4
1840,0,0,0,0,8
1841,0,0,0,0,14
1842,0,0,0,3,10
1843,0,0,0,0,10
1844,0,0,0,0,1
1845,0,0,0,0,0
1846,0,0,0,0,4
1847,0,0,0,4,1
1848,0,0,0,0,26
1849,0,0,0,9,16
1850,0,0,0,1,23
1851,0,0,0,0,3
1852,0,0,0,0,0
1853,0,0,0,0,1
1854,0,0,0,0,1
1855,0,0,0,0,2
1856,0,0,0,0,1
1857,0,0,0,0,1
1858,0,0,0,0,0
1859,0,0,0,0,0
1860,0,0,0,0,0
1861,0,0,0,0,2
1862,0,0,0,2,0
1863,0,0,0,0,5
1864,0,0,0,0,3
1865,0,0,0,0,4
1866,0,0,0,0,1
1867,0,0,0,0,3
1868,0,0,0,0,2
1869,0,0,0,0,2
1870,0,0,0,0,0
1871,0,0,0,0,3
1872,0,0,0,1,13
1873,0,0,0,0,26
1874,0,0,1,9,21
1875,0,0,0,2,49
1876,0,0,1,18,36
1877,0,0,0,1,107
1878,1,0,3,13,128
1879,1,0,0,8,154
1880,1,0,3,25,144
1881,1,1,4,33,88
1882,1,0,0,16,125
1883,1,1,2,43,108
1884,1,1,5,67,176
1885,1,1,2,46,210
1886,1,0,2,19,185
1887,0,0,0,6,154
1888,1,0,1,25,112
1889,1,1,2,12,222
1890,1,0,5,26,215
1891,1,0,2,45,496
1892,1,4,24,173,349
1893,0,0,0,6,479
1894,1,0,2,13,548
1895,1,10,37,275,235
1896,1,1,2,40,468
1897,1,3,5,22,101
1898,1,0,0,16,67
1899,0,0,0,1,56
1900,0,0,0,2,20
1901,0,0,0,0,23
1902,1,1,3,9,10
1903,0,0,0,0,20
1904,0,0,0,1,7
1905,0,0,0,2,6
1906,0,0,0,3,20
1907,0,0,0,6,16
1908,0,0,0,1,18
1909,0,0,0,0,3
1910,0,0,0,0,4
1911,0,0,0,0,8
1912,0,0,0,0,7
1913,0,0,0,0,16
1914,0,0,1,2,14
1915,0,0,0,1,15
1916,0,0,0,0,5
1917,0,0,0,0,1
1918,0,0,0,0,1
1919,0,0,0,0,1
1920,0,0,0,0,2
1921,0,0,0,1,0
1922,0,0,0,0,3
1923,1,0,0,1,1
1924,0,0,0,0,2
1925,0,0,0,0,0
1926,0,0,0,0,0
1927,0,0,0,0,0
1928,0,0,0,0,2
1929,0,0,0,0,2
1930,0,0,0,0,2
1931,0,0,0,0,0
1932,0,0,0,0,1
1933,0,0,0,1,0
1934,0,0,0,0,1
1935,0,0,0,0,0
1936,0,0,0,0,0
1937,0,0,0,0,5
1938,0,0,0,0,7
1939,0,0,0,0,18
1940,1,0,0,9,17
1941,0,0,1,1,31
1942,1,0,0,5,38
1943,0,0,0,3,38
1944,0,0,0,6,45
1945,1,0,0,5,48
1946,1,0,1,13,57
1947,0,0,1,3,103
1948,1,0,1,10,89
1949,0,0,0,1,136
1950,0,1,2,9,154
1951,0,2,4,11,201
1952,0,0,0,9,177
1953,0,0,1,10,127
1954,0,1,4,9,124
1955,1,0,0,5,121
1956,1,0,0,3,171
1957,1,7,9,16,158
1958,0,0,1,14,444
1959,1,0,11,119,291
1960,1,0,2,17,347
1961,1,0,0,3,383
1962,1,1,5,50,396
1963,0,1,1,13,464
1964,0,0,0,2,164
1965,0,0,0,0,90
1966,0,0,0,8,48
1967,1,0,0,2,28
1968,0,0,0,0,39
1969,0,0,0,1,30
1970,0,0,0,3,28
1971,0,0,0,0,11
1972,0,0,0,0,10
1973,0,0,0,0,28
1974,0,0,1,9,16
1975,0,0,0,0,21
1976,0,0,0,0,3
1977,0,0,0,2,4
1978,0,0,0,2,6
1979,0,0,0,0,7
1980,0,0,0,1,5
1981,1,0,0,0,8
1982,1,2,2,2,7
1983,1,0,0,1,7
1984,0,0,0,0,4
1985,0,0,0,0,1
1986,0,0,0,1,0
1987,0,0,0,0,2
1988,0,0,0,0,1
1989,0,0,0,0,3
1990,0,0,0,1,1
1991,0,0,0,0,3
1992,0,0,0,0,1
1993,0,0,0,0,1
1994,0,0,0,0,0
1995,0,0,0,0,0
1996,0,0,0,0,0
1997,0,0,0,0,0
1998,0,0,0,0,0
1999,0,0,0,0,1
2000,0,0,0,0,1
2001,0,0,0,0,2
2002,0,0,0,0,2
2003,0,0,0,0,3
2004,0,0,0,0,13
2005,0,0,0,5,10
2006,0,0,0,1,24
2007,1,0,1,2,17
2008,0,0,0,3,24
2009,0,0,0,1,21
2010,1,0,0,1,26
2011,0,0,0,4,55
2012,0,0,0,0,73
2013,0,0,0,3,63
2014,0,0,0,0,53
2015,1,0,0,11,26
2016,0,0,0,0,70
2017,1,0,0,14,39
2018,0,0,0,2,74
2019,1,1,2,11,104
2020,1,0,1,11,126
2021,0,0,1,16,140
2022,1,2,9,32,73
2023,1,0,1,18,111
2024,1,0,2,37,67
2025,1,0,0,3,231
2026,1,0,2,25,177
2027,1,0,1,8,177
2028,0,0,0,0,96
2029,1,0,3,14,111
2030,1,2,10,38,126
2031,1,0,3,23,92
2032,1,2,6,12,62
2033,0,0,0,6,42
2034,1,0,0,9,33
2035,0,0,0,2,49
2036,1,0,0,14,36
2037,0,0,0,2,53
2038,1,0,0,1,37
2039,1,0,1,2,25
2040,0,0,0,1,38
2041,1,0,0,5,28
2042,1,0,0,0,29
2043,0,0,0,0,6
2044,0,0,0,0,25
2045,1,0,1,2,46
2046,0,0,0,2,49
2047,1,0,0,0,39
2048,0,0,0,1,19
2049,0,0,0,1,14
2050,0,0,0,1,9
2051,0,0,0,2,3
2052,0,0,0,0,3
2053,0,0,0,0,1
2054,0,0,0,0,1
2055,0,0,0,0,0
2056,0,0,0,0,1
2057,0,0,0,0,1
2058,0,0,0,0,2
2059,1,0,0,1,0
2060,1,0,0,0,1
2061,0,0,0,0,2
2062,0,0,0,0,2
2063,0,0,0,0,2
2064,0,0,0,0,0
2065,0,0,0,0,0
2066,0,0,0,0,0
2067,0,0,0,0,0
2068,0,0,0,0,1
2069,0,0,1,1,1
2070,0,0,0,1,2
2071,0,0,0,1,12
2072,0,0,0,6,10
2073,0,0,0,2,17
2074,0,0,0,0,14
2075,0,1,1,1,15
2076,0,0,0,5,10
2077,0,0,0,2,11
2078,0,0,0,0,48
2079,1,1,5,38,20
2080,1,1,1,4,50
2081,0,0,0,0,33
2082,1,2,2,9,17
2083,1,0,0,3,55
2084,0,1,2,13,38
2085,0,0,0,0,76
2086,1,0,1,7,108
2087,1,2,6,54,83
2088,1,0,0,10,152
2089,1,0,1,9,111
2090,0,0,0,3,125
2091,0,1,2,6,73
2092,0,0,0,4,82
2093,0,0,2,10,43
2094,0,0,0,2,45
2095,0,0,0,1,25
2096,1,0,1,1,58
2097,0,0,0,5,96
2098,1,0,4,18,85
2099,0,0,0,4,67
2100,0,0,0,1,46
2101,1,0,1,6,42
2102,1,1,1,8,66
2103,1,0,0,9,61
2104,0,1,1,11,61
2105,1,0,0,14,52
2106,1,0,1,5,53
2107,0,0,0,4,55
2108,0,0,0,13,34
2109,0,0,0,1,44
2110,0,0,0,1,26
2111,0,0,0,2,27
2112,1,0,2,16,32
2113,1,0,2,22,31
2114,0,0,0,6,35
2115,1,1,2,7,14
2116,0,0,0,2,12
2117,0,0,0,0,14
2118,0,0,0,1,10
2119,0,0,0,0,10
2120,0,0,0,0,1
2121,0,0,0,0,0
2122,0,0,0,0,0
2123,0,0,0,0,1
2124,0,0,0,0,2
2125,0,0,0,0,2
2126,0,0,0,0,1
2127,0,0,0,0,4
2128,0,0,0,2,2
2129,0,0,0,0,4
2130,0,0,0,0,1
2131,0,0,0,0,1
2132,0,0,0,0,1
2133,0,0,0,0,0
2134,0,0,0,0,1
2135,0,0,0,0,3
2136,0,0,0,0,5
2137,0,0,0,0,10
2138,0,0,0,0,14
2139,0,0,0,1,17
2140,0,0,0,2,19
2141,0,0,0,2,39
2142,0,0,0,0,43
2143,0,0,0,0,39
2144,0,0,0,0,55
2145,0,0,1,3,54
2146,0,0,0,6,53
2147,0,0,0,0,35
2148,0,0,0,0,32
2149,0,0,0,3,54
2150,0,0,0,5,49
2151,0,0,2,11,79
2152,1,0,1,13,120
2153,1,0,0,6,139
2154,1,0,0,9,140
2155,1,0,2,15,74
2156,1,0,2,8,66
2157,0,0,0,0,31
2158,0,0,0,0,28
2159,0,0,0,1,17
2160,0,0,0,0,15
2161,0,0,0,0,14
2162,0,0,0,0,17
2163,0,0,0,0,42
2164,0,0,0,2,50
2165,0,0,0,1,56
2166,0,0,0,4,51
2167,0,0,0,4,49
2168,1,1,2,8,79
2169,0,0,1,14,71
2170,0,0,0,2,96
2171,0,0,0,5,112
2172,1,0,1,24,91
2173,1,0,0,2,169
2174,0,0,0,3,134
2175,1,0,0,18,137
2176,0,0,1,4,68
2177,0,0,0,1,82
2178,0,0,0,3,73
2179,1,0,0,0,86
2180,1,0,0,2,54
2181,0,0,0,1,29
2182,0,0,1,1,15
2183,0,0,0,0,14
2184,0,0,1,6,4
2185,0,0,0,1,9
2186,0,0,0,0,2
2187,0,0,0,0,0
2188,0,0,0,0,1
2189,1,0,0,1,0
2190,0,0,0,0,1
2191,0,0,0,0,0
2192,0,0,0,0,4
2193,0,0,0,2,2
2194,0,0,0,0,6
2195,0,0,0,0,3
2196,0,0,0,1,2
2197,0,0,0,0,1
2198,0,0,0,0,1
2199,0,0,0,0,2
2200,0,0,0,0,3
2201,0,0,0,1,2
2202,0,0,0,1,3
2203,0,0,0,0,19
2204,0,0,1,3,25
2205,1,0,0,4,42
2206,0,0,4,6,48
2207,0,0,0,21,33
2208,1,0,0,6,43
2209,0,0,1,5,58
2210,1,0,0,1,70
2211,0,0,0,0,63
2212,1,0,0,7,29
2213,1,2,5,9,14
2214,0,0,0,1,37
2215,0,0,1,14,29
2216,1,0,1,4,70
2217,1,2,3,23,51
2218,1,1,4,15,64
2219,0,0,0,8,78
2220,1,1,2,23,59
2221,0,0,0,4,67
2222,0,0,0,6,22
2223,0,0,0,0,12
2224,0,0,0,1,2
2225,0,0,0,0,5
2226,0,0,0,0,15
2227,1,0,2,10,7
2228,0,0,0,0,32
2229,0,1,1,6,86
2230,1,2,3,16,84
2231,0,0,1,5,103
2232,1,0,0,14,39
2233,0,0,0,3,81
2234,1,2,3,21,60
2235,0,0,0,9,79
2236,1,0,4,13,93
2237,1,1,8,34,68
2238,1,0,0,14,183
2239,1,1,5,72,103
2240,1,0,1,10,210
2241,1,4,8,33,75
2242,0,0,0,2,100
2243,1,1,4,21,55
2244,1,0,2,9,95
2245,0,1,2,7,85
2246,0,0,1,2,57
2247,0,0,0,2,24
2248,0,0,0,1,12
2249,0,1,1,1,10
2250,1,0,0,0,10
2251,0,1,1,1,2
2252,0,0,0,0,2
2253,0,0,0,0,2
2254,0,0,0,0,4
2255,0,0,0,2,2
2256,0,0,0,0,7
2257,0,0,0,0,9
2258,0,0,0,0,10
2259,0,0,0,1,7
2260,0,0,0,1,4
2261,0,0,0,0,5
2262,0,0,0,0,8
2263,0,0,0,2,28
2264,1,0,1,12,43
2265,0,0,0,4,93
2266,1,0,3,12,101
2267,1,0,0,3,163
2268,1,0,2,4,152
2269,0,0,2,10,164
2270,1,2,6,34,91
2271,1,0,0,12,84
2272,0,0,0,0,52
2273,0,0,0,2,20
2274,0,0,0,1,33
2275,0,0,1,3,29
2276,0,0,0,1,56
2277,1,0,0,0,59
2278,0,0,0,1,61
2279,1,0,0,4,60
2280,0,0,0,5,50
2281,0,0,0,6,47
2282,1,0,0,4,20
2283,0,0,0,0,13
2284,0,0,0,0,5
2285,1,0,0,1,6
2286,0,0,0,2,20
2287,0,0,0,2,20
2288,0,0,0,3,34
2289,1,0,1,9,199
2290,1,1,8,55,186
2291,0,0,0,2,248
2292,1,0,3,7,67
2293,0,0,0,6,61
2294,0,0,0,7,61
2295,1,0,1,11,69
2296,1,2,3,6,94
2297,1,0,1,2,116
2298,0,0,0,2,277
2299,1,4,6,44,209
2300,0,0,0,10,262
2301,1,0,2,26,69
2302,1,1,3,4,116
2303,1,0,2,8,115
2304,1,0,1,28,132
2305,1,0,4,26,120
2306,1,0,1,17,67
2307,0,0,0,1,48
2308,0,0,0,1,21
2309,0,0,0,0,19
2310,0,0,0,1,10
2311,0,0,0,0,3
2312,0,0,0,0,2
2313,0,0,0,0,4
2314,0,0,1,1,6
2315,0,0,0,3,6
2316,0,0,0,4,6
2317,0,0,1,2,11
2318,0,0,0,0,9
2319,0,0,0,0,11
2320,0,0,2,2,8
2321,1,0,0,2,45
2322,0,0,0,8,66
2323,1,1,8,20,102
2324,1,2,3,28,87
2325,0,1,3,15,181
2326,1,1,5,71,108
2327,0,1,2,21,188
2328,1,1,3,22,111
2329,1,0,4,20,77
2330,0,0,0,0,42
2331,0,0,0,2,4
2332,0,0,0,0,13
2333,0,0,0,2,13
2334,0,1,1,6,22
2335,1,0,0,4,26
2336,1,0,0,5,25
2337,0,0,0,2,20
2338,0,0,0,1,21
2339,0,0,2,2,19
2340,0,0,1,2,14
2341,0,0,0,0,8
2342,0,0,0,0,9
2343,1,0,0,3,9
2344,0,0,0,0,17
2345,0,0,1,4,11
2346,0,0,0,1,30
2347,0,0,2,2,215
2348,1,3,16,116,170
2349,1,2,5,30,266
2350,1,0,0,5,116
2351,0,0,0,2,55
2352,0,0,0,2,45
2353,1,1,1,7,34
2354,1,0,1,4,45
2355,1,1,2,14,74
2356,1,0,7,29,191
2357,1,0,14,68,152
2358,0,0,0,4,188
2359,1,0,1,5,49
2360,1,0,0,1,66
2361,1,2,3,20,82
2362,1,1,4,30,112
2363,1,1,4,11,148
2364,1,0,1,16,83
2365,0,0,0,2,61
2366,0,0,4,7,17
2367,0,0,0,7,13
2368,0,0,0,1,10
2369,0,0,0,0,2
2370,0,0,0,0,0
2371,0,0,0,0,2
2372,0,0,0,1,4
2373,0,0,0,0,9
2374,0,0,0,0,9
2375,0,0,0,0,11
2376,1,0,0,5,23
2377,0,0,0,0,54
2378,0,0,0,3,66
2379,0,0,0,1,76
2380,0,0,1,17,85
2381,1,0,1,8,142
2382,1,0,1,13,160
2383,0,2,3,12,245
2384,1,1,5,38,181
2385,0,0,1,5,192
2386,1,0,0,4,82
2387,0,0,1,5,52
2388,0,0,0,0,31
2389,0,0,0,1,4
2390,0,0,0,0,13
2391,0,0,0,2,18
2392,0,0,0,0,34
2393,0,1,2,10,23
2394,1,0,1,3,22
2395,0,0,0,1,11
2396,0,0,0,0,7
2397,0,0,0,1,5
2398,0,0,0,0,6
2399,0,0,0,1,7
2400,0,0,0,1,11
2401,0,0,0,3,12
2402,0,0,0,2,33
2403,0,0,0,0,31
2404,0,0,0,1,57
2405,0,1,3,9,195
2406,1,0,3,21,257
2407,1,3,7,42,253
2408,1,1,1,18,126
2409,1,0,0,9,65
2410,0,0,1,1,34
2411,0,0,0,2,18
2412,0,0,0,1,72
2413,1,0,0,2,127
2414,0,1,1,28,228
2415,1,0,2,31,180
2416,1,0,0,4,150
2417,0,0,0,0,23
2418,1,0,0,0,38
2419,0,0,0,3,77
2420,1,0,0,8,96
2421,0,0,0,8,103
2422,1,0,1,15,51
2423,0,1,2,3,47
2424,0,0,0,1,25
2425,0,0,0,2,22
2426,0,0,0,0,20
2427,0,0,0,0,8
2428,0,0,0,0,6
2429,0,0,0,0,1
2430,0,0,0,0,1
2431,0,0,0,0,6
2432,0,0,0,0,12
2433,0,0,0,0,66
2434,1,1,4,21,68
2435,1,0,3,23,79
2436,1,3,4,17,52
2437,0,1,1,4,75
2438,0,0,3,25,92
2439,1,0,2,27,118
2440,1,0,4,25,157
2441,1,2,6,28,107
2442,1,0,1,4,92
2443,0,0,0,4,23
2444,0,0,1,1,17
2445,0,0,0,1,10
2446,0,0,0,1,3
2447,0,0,0,0,20
2448,1,0,1,5,18
2449,0,0,0,5,46
2450,0,0,0,0,65
2451,0,0,0,0,60
2452,0,0,0,0,36
2453,0,0,0,0,6
2454,0,0,0,0,12
2455,1,0,0,0,10
2456,0,0,0,0,21
2457,1,0,1,4,16
2458,0,0,0,0,23
2459,1,1,1,2,37
2460,1,2,3,21,14
2461,1,0,0,0,61
2462,1,0,3,20,68
2463,1,2,7,34,98
2464,1,0,0,4,140
2465,1,0,2,25,83
2466,1,0,0,9,60
2467,0,0,0,3,25
2468,0,0,0,0,10
2469,0,0,0,0,89
2470,1,1,4,43,90
2471,0,0,0,8,206
2472,1,2,4,33,115
2473,0,0,0,6,133
2474,0,0,0,3,74
2475,0,0,0,0,76
2476,0,0,0,6,65
2477,0,1,2,12,58
2478,1,0,0,6,67
2479,1,0,0,5,39
2480,0,0,0,0,28
2481,0,0,0,1,12
2482,0,0,1,3,9
2483,0,0,0,2,14
2484,0,0,0,5,7
2485,0,0,0,0,14
2486,0,0,0,1,6
2487,0,0,0,0,6
2488,0,0,0,6,6
2489,1,0,0,1,65
2490,1,0,2,33,55
2491,1,1,2,3,97
2492,0,0,0,1,49
2493,0,0,0,0,53
2494,1,3,3,6,96
2495,1,1,4,17,131
2496,1,3,4,12,154
2497,1,0,1,10,97
2498,1,0,0,1,65
2499,0,0,0,2,17
2500,0,0,0,1,11
2501,0,0,0,0,5
2502,0,0,0,1,2
2503,0,0,0,0,21
2504,1,0,3,10,15
2505,0,0,0,1,44
2506,1,1,5,18,37
2507,1,5,7,28,21
2508,0,0,0,0,33
2509,0,0,4,4,0
2510,0,0,0,0,12
2511,0,0,1,7,4
2512,0,0,0,1,22
2513,0,0,0,7,16
2514,1,0,0,3,25
2515,1,0,0,1,55
2516,0,0,3,7,46
2517,0,0,0,1,66
2518,0,0,0,2,59
2519,0,0,0,0,60
2520,0,0,0,0,63
2521,0,0,0,0,39
2522,0,0,0,1,40
2523,0,0,1,3,13
2524,0,0,0,0,6
2525,0,0,0,0,92
2526,1,0,11,41,74
2527,0,0,2,10,159
2528,1,0,4,18,79
2529,0,0,0,10,119
2530,1,4,5,34,67
2531,1,2,2,20,85
2532,1,3,5,10,70
2533,1,4,4,12,56
2534,0,0,0,5,46
2535,0,0,0,2,21
2536,0,0,0,0,11
2537,0,0,0,1,8
2538,1,0,0,2,7
2539,0,0,0,0,15
2540,1,0,0,2,12
2541,1,0,0,3,13
2542,0,0,0,3,5
2543,0,0,0,0,4
2544,0,0,0,0,17
2545,0,0,0,0,27
2546,1,0,0,5,58
2547,0,0,0,0,51
2548,0,0,0,2,40
2549,0,0,0,0,8
2550,0,0,0,0,9
2551,0,0,0,0,74
2552,1,0,1,23,74
2553,1,0,2,13,164
2554,1,0,0,11,106
2555,0,0,1,3,108
2556,1,0,0,3,31
2557,0,0,0,0,32
2558,0,0,0,0,14
2559,0,0,0,0,5
2560,0,0,0,0,15
2561,0,0,0,4,11
2562,0,0,0,0,35
2563,0,0,0,2,48
2564,0,0,0,1,48
2565,0,0,0,0,36
2566,0,0,0,0,10
2567,0,0,0,0,18
2568,0,0,0,1,13
2569,1,1,2,2,26
2570,0,0,0,1,35
2571,1,0,1,5,38
2572,0,0,0,5,50
2573,0,0,0,12,33
2574,1,0,1,4,34
2575,0,0,0,0,9
2576,0,0,0,0,3
2577,0,0,0,0,1
2578,0,0,0,0,2
2579,0,0,0,0,5
2580,0,0,0,0,4
2581,0,0,0,0,4
2582,0,0,0,0,54
2583,0,0,0,8,61
2584,0,0,0,5,88
2585,0,0,0,3,62
2586,0,0,0,4,131
2587,0,0,2,18,118
2588,1,0,0,6,130
2589,1,0,0,8,86
2590,0,1,1,6,72
2591,1,0,0,3,53
2592,0,0,0,0,15
2593,0,0,0,2,4
2594,0,0,0,0,6
2595,0,0,0,0,4
2596,0,0,0,0,6
2597,0,0,0,1,6
2598,0,0,0,1,9
2599,0,0,0,0,7
2600,0,0,0,0,5
2601,0,0,0,0,2
2602,0,0,0,0,11
2603,1,0,0,11,9
2604,0,0,1,4,19
2605,0,0,0,3,11
2606,0,0,0,0,6
2607,0,0,0,0,5
2608,0,0,0,2,3
2609,0,0,0,0,66
2610,1,1,6,26,53
2611,0,0,0,0,153
2612,1,3,8,65,32
2613,1,0,2,2,103
2614,1,0,2,14,30
2615,0,0,0,8,34
2616,0,0,0,4,16
2617,0,0,0,0,5
2618,0,0,0,0,5
2619,0,0,0,0,4
2620,0,0,0,0,6
2621,0,0,0,0,3
2622,0,0,0,0,3
2623,0,0,0,0,4
2624,0,0,0,3,3
2625,1,0,0,3,5
2626,0,0,0,0,7
2627,1,0,0,0,21
2628,1,0,2,9,24
2629,1,0,1,8,35
2630,0,0,0,4,64
2631,1,0,2,10,55
2632,0,0,0,1,61
2633,0,0,0,1,19
2634,0,0,0,0,9
2635,0,0,0,0,1
2636,0,0,0,1,0
2637,0,0,0,0,1
2638,0,0,0,0,2
2639,0,0,0,0,12
2640,0,0,0,1,23
2641,0,2,2,4,23
2642,0,0,0,0,25
2643,0,0,0,4,42
2644,1,0,0,11,107
2645,1,3,7,33,83
2646,0,0,0,0,105
2647,1,0,1,7,57
2648,0,0,2,25,56
2649,1,0,0,2,86
2650,1,0,1,1,54
2651,1,0,0,0,36
2652,0,0,0,0,8
2653,0,0,0,1,5
2654,0,0,0,0,5
2655,0,0,0,0,5
2656,0,0,0,0,4
2657,0,0,0,0,1
2658,0,0,0,0,2
2659,0,0,0,2,0
2660,0,0,0,0,15
2661,0,0,0,0,18
2662,0,0,0,0,7
2663,0,0,0,0,5
2664,0,0,0,1,3
2665,0,0,0,0,6
2666,1,0,1,2,45
2667,1,0,1,13,42
2668,0,0,0,2,120
2669,0,0,0,0,82
2670,0,0,0,1,94
2671,1,0,1,6,40
2672,1,0,1,7,40
2673,0,0,0,0,25
2674,0,0,0,1,4
2675,0,0,0,0,1
2676,0,0,0,0,0
2677,0,0,0,0,0
2678,0,0,0,0,0
2679,0,0,0,0,0
2680,0,0,0,0,3
2681,0,0,0,0,6
2682,0,0,0,0,7
2683,0,0,0,1,3
2684,1,0,0,0,26
2685,0,0,0,7,33
2686,1,0,0,1,49
2687,0,0,0,3,57
2688,1,0,1,20,34
2689,1,0,1,6,47
2690,1,1,1,8,11
2691,0,0,0,0,10
2692,0,0,0,0,2
2693,0,0,0,0,1
2694,0,0,0,0,1
2695,0,0,0,0,2
2696,0,0,0,2,14
2697,0,0,0,9,13
2698,1,0,0,0,26
2699,0,0,0,0,28
2700,0,0,0,1,61
2701,0,0,2,18,111
2702,0,0,5,26,87
2703,0,0,0,0,96
2704,1,0,0,7,68
2705,1,1,1,5,118
2706,1,0,2,18,135
2707,1,1,1,28,74
2708,0,0,0,1,57
2709,0,0,0,4,2
2710,0,0,0,0,6
2711,0,0,0,1,4
2712,0,0,0,2,2
2713,0,0,0,0,3
2714,0,0,0,0,0
2715,0,0,0,0,2
2716,0,0,0,0,2
2717,0,0,0,0,2
2718,0,0,0,0,0
2719,0,0,0,0,2
2720,0,0,0,1,1
2721,0,0,0,0,4
2722,0,0,0,0,19
2723,0,0,1,4,25
2724,0,0,0,8,26
2725,1,0,0,4,17
2726,0,0,0,0,22
2727,0,0,0,3,24
2728,0,0,1,5,20
2729,0,0,0,0,20
2730,0,0,0,0,8
2731,0,0,0,0,6
2732,0,0,0,0,0
2733,0,0,0,0,0
2734,0,0,0,0,0
2735,0,0,0,0,0
2736,0,0,0,0,0
2737,0,0,0,0,0
2738,0,0,0,0,1
2739,0,0,0,0,3
2740,0,0,0,0,21
2741,0,1,3,9,21
2742,1,0,1,6,60
2743,0,2,2,3,74
2744,0,0,0,5,70
2745,1,0,0,2,43
2746,0,0,0,0,17
2747,0,0,0,1,8
2748,0,0,0,0,1
2749,0,0,0,0,0
2750,0,0,0,0,0
2751,0,0,0,0,2
2752,0,0,0,0,22
2753,0,0,1,4,22
2754,0,0,0,2,37
2755,0,0,3,6,28
2756,1,1,3,11,48
2757,0,2,3,11,74
2758,1,1,2,14,57
2759,0,0,0,0,58
2760,0,0,5,9,62
2761,1,0,0,22,103
2762,1,0,1,28,133
2763,1,0,2,24,84
2764,0,0,0,0,57
2765,0,0,0,0,7
2766,0,0,0,0,8
2767,0,0,0,0,8
2768,0,0,1,1,5
2769,0,0,0,0,4
2770,0,0,0,0,0
2771,0,0,0,0,0
2772,0,0,0,0,0
2773,0,0,0,0,0
2774,0,0,0,0,0
2775,0,0,0,0,1
2776,0,0,0,0,1
2777,0,0,0,0,1
2778,0,0,0,0,4
2779,0,0,0,0,16
2780,0,0,0,0,36
2781,1,0,0,3,40
2782,0,0,0,3,33
2783,0,0,0,2,19
2784,0,0,0,0,12
2785,0,0,0,2,17
2786,0,0,0,5,9
2787,0,0,0,0,12
2788,1,0,0,0,0
2789,0,0,0,0,0
2790,0,0,0,0,0
2791,0,0,0,0,0
2792,0,0,0,0,0
2793,0,0,0,0,0
2794,0,0,0,0,5
2795,0,0,0,0,7
2796,0,0,0,2,16
2797,0,0,0,2,37
2798,0,1,1,3,70
2799,1,0,1,32,40
2800,1,0,0,4,44
2801,0,0,0,0,12
2802,0,0,0,0,3
2803,0,0,0,0,1
2804,0,0,0,0,1
2805,0,0,0,0,0
2806,0,0,0,0,0
2807,0,0,0,0,0
2808,0,0,0,0,13
2809,0,0,0,7,36
2810,0,0,0,2,66
2811,1,0,2,9,73
2812,0,0,0,3,68
2813,1,0,0,0,71
2814,0,0,0,1,48
2815,0,0,0,1,39
2816,0,0,0,0,118
2817,1,0,8,27,128
2818,0,0,0,9,168
2819,0,0,0,0,74
2820,0,0,0,0,32
2821,0,0,0,0,2
2822,0,0,1,2,2
2823,0,0,0,1,7
2824,0,0,0,1,5
2825,0,0,0,0,5
2826,0,0,0,0,1
2827,0,0,0,0,1
2828,0,0,0,0,0
2829,0,0,0,0,0
2830,0,0,0,0,0
2831,0,0,0,0,0
2832,0,0,0,0,0
2833,0,0,0,0,0
2834,0,0,0,0,0
2835,0,0,0,0,4
2836,0,0,2,4,16
2837,0,0,2,13,20
2838,1,0,0,8,40
2839,0,0,0,0,36
2840,0,0,0,0,26
2841,0,0,0,0,19
2842,0,0,1,7,8
2843,0,0,0,0,12
2844,0,0,0,0,0
2845,0,0,0,0,0
2846,0,0,0,0,0
2847,0,0,0,0,0
2848,0,0,0,0,3
2849,0,0,0,0,3
2850,0,0,0,0,13
2851,0,0,0,5,7
2852,0,0,0,0,14
2853,1,0,0,0,28
2854,1,0,0,17,55
2855,0,0,0,1,75
2856,0,0,0,1,68
2857,0,0,0,0,36
2858,0,0,0,0,36
2859,0,0,0,0,19
2860,0,0,0,0,6
2861,0,0,0,0,0
2862,0,0,0,0,1
2863,1,0,0,0,1
2864,0,0,0,0,13
2865,0,0,0,2,53
2866,1,1,1,26,56
2867,1,0,0,10,98
2868,0,0,3,13,67
2869,0,0,0,8,83
2870,1,0,1,10,64
2871,0,0,0,4,95
2872,0,0,0,1,166
2873,1,0,7,54,124
2874,0,0,0,5,143
2875,0,0,0,8,35
2876,0,0,0,0,12
2877,0,0,0,0,4
2878,0,0,0,0,5
2879,0,0,0,1,6
2880,0,0,0,2,3
2881,0,0,0,0,4
2882,0,0,0,1,0
2883,0,0,0,0,1
2884,0,0,0,0,0
2885,0,0,0,0,0
2886,0,0,0,0,0
2887,0,0,0,0,27
2888,0,0,0,2,46
2889,1,2,3,17,27
2890,0,0,0,4,32
2891,0,0,0,1,17
2892,0,0,0,0,11
2893,0,0,0,0,10
2894,0,0,0,0,7
2895,0,0,0,0,27
2896,0,0,0,0,40
2897,0,0,0,0,39
2898,0,0,0,0,39
2899,1,0,1,3,24
2900,0,0,0,0,37
2901,1,0,1,5,10
2902,0,0,0,0,13
2903,0,0,0,0,24
2904,1,0,0,4,35
2905,1,0,1,13,54
2906,0,0,1,1,71
2907,1,0,1,17,62
2908,0,0,2,13,49
2909,1,0,0,6,30
2910,0,0,0,0,19
2911,0,0,0,0,14
2912,1,0,0,0,15
2913,0,0,0,1,9
2914,0,0,0,0,12
2915,0,0,2,3,64
2916,1,0,1,15,75
2917,0,0,1,8,131
2918,1,1,2,22,85
2919,1,0,0,7,137
2920,1,1,4,27,83
2921,1,3,4,16,124
2922,1,0,3,39,120
2923,1,2,3,25,134
2924,0,0,0,18,107
2925,0,0,0,2,45
2926,0,0,0,1,24
2927,0,0,1,1,1
2928,0,0,0,0,2
2929,0,0,0,0,4
2930,0,0,0,0,9
2931,0,0,0,0,9
2932,0,0,0,0,6
2933,0,0,0,0,1
2934,0,0,0,0,0
2935,0,0,0,0,0
2936,0,0,0,0,0
2937,0,0,0,0,27
2938,1,1,1,8,28
2939,1,0,1,5,32
2940,0,0,0,1,12
2941,0,0,0,0,10
2942,1,0,1,2,11
2943,0,0,0,1,16
2944,0,0,0,4,30
2945,1,1,3,22,21
2946,1,0,2,14,36
2947,0,0,0,3,58
2948,0,0,0,19,29
2949,0,0,0,2,42
2950,0,0,0,3,7
2951,0,0,0,0,11
2952,0,0,0,0,13
2953,0,0,0,3,27
2954,0,0,0,1,59
2955,0,0,3,26,69
2956,0,0,3,12,89
2957,0,0,1,9,71
2958,0,0,4,5,33
2959,0,0,0,3,20
2960,0,0,1,5,14
2961,0,0,1,6,14
2962,0,0,0,3,9
2963,0,0,0,0,12
2964,0,0,0,3,39
2965,1,1,3,18,38
2966,0,0,0,5,94
2967,0,0,0,22,65
2968,1,1,5,12,114
2969,1,1,1,23,81
2970,0,0,0,3,135
2971,1,0,1,17,93
2972,1,0,0,0,100
2973,0,0,0,0,65
2974,1,0,1,13,28
2975,0,0,0,0,23
2976,0,0,0,0,2
2977,0,0,0,0,1
2978,0,0,0,0,2
2979,0,0,0,1,6
2980,0,0,0,5,2
2981,0,0,0,0,5
2982,0,0,0,0,0
2983,0,0,0,0,0
2984,0,0,0,0,2
2985,0,0,0,0,2
2986,0,0,0,0,13
2987,0,0,0,0,15
2988,0,0,0,1,10
2989,0,0,0,1,11
2990,1,0,0,4,13
2991,1,0,0,5,13
2992,1,0,0,1,35
2993,0,0,0,1,56
2994,0,0,0,1,65
2995,0,1,2,9,72
2996,0,1,1,12,43
2997,0,0,0,0,45
2998,0,0,0,0,7
2999,0,0,0,0,11
3000,0,0,0,3,10
3001,1,0,0,3,15
3002,0,0,0,3,50
3003,0,0,1,6,73
3004,1,3,4,16,69
3005,0,0,0,1,49
3006,1,0,0,1,20
3007,0,0,0,0,20
3008,0,0,1,3,19
3009,0,0,0,2,20
3010,0,0,0,0,11
3011,0,0,0,0,8
3012,0,0,0,2,25
3013,0,0,0,1,32
3014,1,0,0,1,70
3015,0,0,2,7,69
3016,0,0,0,3,106
3017,0,0,0,3,79
3018,1,0,4,10,62
3019,0,0,0,0,60
3020,0,0,0,0,46
3021,0,0,0,1,50
3022,1,0,0,6,20
3023,0,0,0,0,34
3024,0,0,0,0,16
3025,0,0,0,0,26
3026,0,0,0,0,20
3027,0,0,0,1,20
3028,0,0,0,0,9
3029,0,0,0,0,5
3030,0,0,0,0,0
3031,0,0,0,0,1
3032,0,0,0,0,3
3033,0,0,0,2,1
3034,0,0,0,0,2
3035,0,0,0,0,0
3036,0,0,0,0,2
3037,0,0,0,0,6
3038,0,0,0,3,7
3039,0,0,0,0,14
3040,0,0,0,1,10
3041,0,0,0,0,13
3042,0,0,0,1,24
3043,1,0,4,13,27
3044,0,0,0,2,56
3045,1,1,1,8,33
3046,0,0,0,0,55
3047,0,0,0,1,40
3048,0,0,0,1,55
3049,1,0,1,3,26
3050,0,0,0,0,24
3051,0,0,0,2,21
3052,1,0,2,9,31
3053,0,0,0,4,34
3054,0,0,0,2,22
3055,0,0,0,0,4
3056,0,0,0,0,7
3057,0,0,0,3,5
3058,0,0,0,0,8
3059,0,0,0,0,2
3060,0,0,0,0,5
3061,0,0,0,0,26
3062,0,0,0,3,30
3063,0,0,0,0,62
3064,0,0,1,14,45
3065,1,0,1,12,71
3066,0,0,0,13,53
3067,0,0,0,3,57
3068,0,0,0,0,59
3069,0,0,0,27,28
3070,1,0,0,1,55
3071,1,0,0,3,27
3072,0,0,2,2,25
3073,0,0,5,10,8
3074,0,0,1,4,23
3075,1,0,3,12,8
3076,0,0,0,2,14
3077,0,0,0,0,3
3078,0,0,0,0,0
3079,0,0,0,0,0
3080,0,0,0,0,1
3081,0,0,0,1,2
3082,0,0,0,0,3
3083,0,0,0,0,2
3084,0,0,0,0,1
3085,0,0,0,1,3
3086,0,0,0,0,4
3087,0,0,0,0,6
3088,0,0,0,0,8
3089,0,0,0,0,14
3090,0,0,0,4,32
3091,1,0,1,4,34
3092,0,0,0,5,40
3093,0,0,0,4,20
3094,1,0,0,1,57
3095,0,1,2,29,53
3096,1,0,1,9,96
3097,1,1,2,10,54
3098,0,0,0,0,29
3099,0,0,0,0,11
3100,0,0,0,0,15
3101,0,0,0,0,15
3102,0,0,0,0,6
3103,0,0,0,0,2
3104,0,0,0,0,3
3105,0,0,0,0,3
3106,0,0,0,0,3
3107,0,0,0,0,7
3108,0,0,0,0,14
3109,0,0,0,3,32
3110,1,0,1,17,26
3111,0,0,0,6,59
3112,1,0,2,13,62
3113,1,0,0,3,93
3114,0,0,4,15,61
3115,0,0,0,4,55
3116,0,1,2,12,46
3117,1,0,1,3,61
3118,1,1,1,11,46
3119,0,0,0,4,22
3120,0,0,0,2,19
3121,0,0,0,0,20
3122,1,0,0,0,29
3123,0,0,0,1,20
3124,0,0,0,0,15
3125,0,0,0,0,2
3126,0,0,0,0,0
3127,0,0,0,0,0
3128,0,0,0,0,1
3129,0,0,0,0,1
3130,0,0,0,0,1
3131,0,0,0,0,0
3132,0,0,0,0,1
3133,0,0,0,0,1
3134,0,0,0,0,5
3135,0,0,0,0,21
3136,1,0,0,2,27
3137,0,0,2,5,40
3138,0,0,1,1,53
3139,0,0,2,8,44
3140,0,0,0,0,41
3141,0,0,0,1,21
3142,0,0,2,3,73
3143,1,0,4,11,122
3144,1,1,2,27,161
3145,1,0,0,14,127
3146,0,0,0,0,75
3147,0,0,0,0,13
3148,0,0,0,0,0
3149,0,0,0,0,0
3150,0,0,0,0,0
3151,0,0,0,0,0
3152,0,0,0,0,0
3153,0,0,0,0,0
3154,0,0,0,0,0
3155,0,0,0,0,7
3156,0,0,0,7,11
3157,1,0,0,4,36
3158,0,0,0,1,47
3159,1,0,0,9,55
3160,0,0,0,2,68
3161,1,2,5,16,70
3162,1,0,0,8,57
3163,0,0,1,2,52
3164,0,0,0,2,33
3165,0,0,0,5,42
3166,0,0,0,3,31
3167,0,0,0,0,24
3168,0,0,0,0,6
3169,0,0,0,0,5
3170,0,0,0,2,2
3171,0,0,0,0,4
3172,0,0,0,0,1
3173,0,0,0,0,0
3174,0,0,0,0,0
3175,0,0,0,0,6
3176,0,0,0,0,9
3177,0,0,0,0,14
3178,1,0,0,4,31
3179,1,0,0,15,32
3180,0,0,0,3,76
3181,1,0,4,15,64
3182,1,0,3,14,53
3183,0,0,0,1,33
3184,1,0,0,4,12
3185,1,0,0,3,52
3186,1,0,3,20,102
3187,1,0,4,30,150
3188,1,0,1,38,119
3189,1,1,4,13,71
3190,0,0,0,0,21
3191,0,0,0,0,2
3192,0,0,0,0,2
3193,0,0,0,0,0
3194,0,0,0,0,0
3195,0,0,0,0,0
3196,0,0,0,0,0
3197,0,0,0,0,0
3198,0,0,0,0,7
3199,0,0,0,0,15
3200,0,0,0,4,16
3201,1,0,0,4,18
3202,0,0,0,0,29
3203,1,0,3,12,38
3204,0,0,0,9,62
3205,0,0,1,8,51
3206,0,0,0,0,43
3207,0,0,1,3,23
3208,0,0,1,4,28
3209,1,0,0,4,18
3210,1,0,0,0,10
3211,0,0,0,0,3
3212,0,0,0,0,6
3213,0,0,0,1,4
3214,0,0,0,0,3
3215,0,0,0,0,0
3216,0,0,0,2,4
3217,1,0,0,4,5
3218,0,0,0,3,11
3219,0,0,1,3,34
3220,1,0,1,8,40
3221,0,0,1,7,74
3222,1,0,3,23,50
3223,0,0,0,3,59
3224,0,0,0,2,25
3225,0,0,0,1,12
3226,0,0,1,1,46
3227,1,0,3,11,85
3228,0,0,3,16,126
3229,0,3,4,13,117
3230,0,0,0,6,72
3231,0,0,0,0,29
3232,1,0,0,2,2
3233,0,0,0,0,2
3234,0,0,0,0,0
3235,0,0,0,0,0
3236,0,0,0,0,0
3237,0,0,0,0,0
3238,0,0,0,0,0
3239,0,0,0,0,0
3240,0,0,0,0,4
3241,0,0,0,0,8
3242,0,0,0,0,9
3243,0,0,0,0,19
3244,0,0,0,1,24
3245,0,0,0,1,53
3246,0,0,3,14,29
3247,0,0,0,1,40
3248,0,0,1,5,21
3249,0,0,0,4,33
3250,1,0,0,2,35
3251,1,0,0,0,25
3252,0,0,0,1,19
3253,0,0,0,2,11
3254,0,0,0,0,10
3255,0,0,0,0,18
3256,0,0,0,4,22
3257,0,0,1,4,44
3258,0,0,0,2,39
3259,0,0,0,2,30
3260,0,0,0,0,8
3261,0,0,0,0,5
3262,0,0,0,1,19
3263,1,0,0,6,38
3264,1,0,0,8,48
3265,0,0,0,0,51
3266,0,0,0,6,22
3267,0,0,0,2,15
3268,0,0,0,0,5
3269,0,0,0,0,3
3270,0,0,0,0,0
3271,0,0,0,0,0
3272,0,0,0,0,0
3273,0,0,0,0,0
3274,0,0,0,0,0
3275,0,0,0,0,0
3276,0,0,0,0,0
3277,0,0,0,0,0
3278,0,0,0,0,1
3279,1,0,0,1,2
3280,1,0,0,1,3
3281,0,0,0,0,27
3282,0,0,0,8,20
3283,0,0,0,2,30
3284,0,0,0,0,22
3285,0,0,2,7,22
3286,1,0,0,8,27
3287,1,0,4,8,16
3288,0,0,1,2,21
3289,0,0,0,7,5
3290,0,0,0,0,4
3291,0,0,0,0,2
3292,0,0,0,0,1
3293,0,0,0,0,7
3294,0,0,0,0,16
3295,1,0,0,1,15
3296,0,0,0,1,17
3297,0,0,0,0,12
3298,0,0,0,0,12
3299,0,0,0,1,4
3300,0,0,0,0,2
3301,0,0,0,0,1
3302,0,0,0,0,0
3303,0,0,0,0,0
3304,0,0,0,0,0
3305,0,0,0,0,0
3306,0,0,0,0,0
3307,0,0,0,0,0
3308,0,0,0,0,0
3309,0,0,0,0,1
3310,0,0,0,0,2
3311,0,0,0,0,2
3312,0,0,0,0,12
3313,1,0,0,2,11
3314,0,0,0,0,13
3315,0,0,0,0,13
3316,0,0,2,3,16
3317,0,0,0,0,30
3318,1,0,0,3,18
3319,0,0,0,0,20
3320,0,0,0,0,9
3321,0,0,0,0,0
3322,0,0,0,0,1
3323,0,0,0,0,2
3324,0,0,0,0,4
3325,0,0,0,2,2
3326,0,0,0,1,3
3327,0,0,0,0,3
3328,0,0,0,1,1
3329,0,0,0,0,1
3330,0,0,0,0,0
3331,0,0,0,0,0
3332,0,0,0,0,0
3333,0,0,0,0,0
3334,0,0,0,0,2
3335,0,0,0,0,2
3336,0,0,0,0,5
3337,0,0,0,0,3
3338,0,0,0,0,3
3339,0,0,0,0,0
3340,0,0,0,0,3
3341,1,0,0,1,2
3342,0,0,0,0,3
3343,0,0,0,0,4
3344,0,0,0,1,3
3345,0,0,0,0,7
3346,0,0,0,0,3
3347,0,0,0,0,3
3348,0,0,0,0,3
3349,0,0,0,0,3
3350,0,0,0,0,2
3351,0,0,0,0,1
3352,0,0,0,0,1
3353,0,0,0,0,0
3354,0,0,0,0,0
3355,0,0,0,0,0
3356,0,0,0,0,0
3357,0,0,0,0,3
3358,0,0,0,2,2
3359,0,0,0,0,7
3360,0,0,0,3,1
3361,0,0,0,0,3
3362,0,0,0,0,0
3363,0,0,0,0,1
3364,0,0,0,0,1
3365,0,0,0,0,1
3366,0,0,0,0,1
3367,0,0,0,0,1
3368,0,0,0,0,1
3369,0,0,0,0,0
3370,0,0,0,0,0
3371,0,0,0,0,0
3372,0,0,0,0,0
3373,0,0,0,0,0
3374,0,0,0,0,1
3375,0,0,0,0,1
3376,0,0,0,0,1
3377,0,0,0,0,1
3378,0,0,0,0,4
3379,0,0,0,1,5
3380,0,0,0,1,7
3381,0,0,0,0,5
3382,0,0,0,0,3
3383,0,0,0,0,0
3384,0,0,0,0,0
3385,0,0,0,0,0
3386,0,0,0,0,0
3387,0,0,0,0,0
3388,0,0,0,0,1
3389,0,0,0,1,0
3390,1,0,0,0,1
3391,0,0,0,0,1
3392,0,0,0,1,1
3393,0,0,0,0,4
3394,0,0,0,1,2
3395,0,0,0,0,2
3396,0,0,0,0,0
3397,0,0,0,0,0
3398,0,0,0,0,0
3399,0,0,0,0,0
3400,0,0,0,0,0
3401,0,0,0,0,0
3402,0,0,0,0,1
3403,0,0,0,0,1
3404,0,0,0,0,1
3405,0,0,0,0,1
3406,0,0,0,0,1
3407,0,0,0,0,2
3408,0,0,0,0,1
3409,0,0,0,0,1
3410,0,0,0,0,0
3411,0,0,0,0,0
3412,0,0,0,0,0
3413,0,0,0,0,0
3414,0,0,0,0,0
3415,0,0,0,0,0
3416,0,0,0,0,0
3417,0,0,0,0,0
3418,0,0,0,0,0
3419,0,0,0,0,0
3420,0,0,0,0,0
3421,0,0,0,0,0
3422,0,0,0,0,0
3423,0,0,0,0,0
3424,0,0,0,0,0
3425,0,0,0,0,0
3426,0,0,0,0,0
3427,0,0,0,0,0
3428,0,0,0,0,0
3429,0,0,0,0,0
3430,0,0,0,0,0
3431,0,0,0,0,0
3432,0,0,0,0,0
3433,0,0,0,0,0
3434,0,0,0,0,0
3435,0,0,0,0,0
3436,0,0,0,0,0
3437,0,0,0,0,0
3438,0,0,0,0,0
3439,0,0,0,0,0
3440,0,0,0,0,0
3441,0,0,0,0,0
3442,0,0,0,0,0
3443,0,0,0,0,0
3444,0,0,0,0,0
3445,0,0,0,0,0
