,Grid,Hotspot,week,month,year,near
0,1,0,0,0,0,0
1,2,0,0,0,0,0
2,3,0,0,0,0,0
3,4,0,0,0,0,0
4,5,0,0,0,0,0
5,6,0,0,0,0,0
6,7,0,0,0,0,0
7,8,0,0,0,0,0
8,9,0,0,0,0,0
9,10,0,0,0,0,0
10,11,0,0,0,0,0
11,12,0,0,0,0,0
12,13,0,0,0,0,0
13,14,0,0,0,0,0
14,15,0,0,0,0,0
15,16,0,0,0,0,0
16,17,0,0,0,0,0
17,18,0,0,0,0,0
18,19,0,0,0,0,0
19,20,0,0,0,0,0
20,21,0,0,0,0,0
21,22,0,0,0,0,1
22,23,0,0,0,0,1
23,24,0,0,0,0,0
24,25,0,0,0,0,0
25,26,0,0,0,0,0
26,27,0,0,0,0,0
27,28,0,0,0,0,0
28,29,0,0,0,0,0
29,30,0,0,0,0,0
30,31,0,0,0,0,0
31,32,0,0,0,0,0
32,33,0,0,0,0,0
33,34,0,0,0,0,0
34,35,0,0,0,0,1
35,36,0,0,0,0,1
36,37,0,0,0,0,1
37,38,0,0,0,0,0
38,39,0,0,0,0,0
39,40,0,0,0,0,0
40,41,0,0,0,0,0
41,42,0,0,0,0,0
42,43,0,0,0,0,1
43,44,0,0,0,1,0
44,45,0,0,0,0,1
45,46,0,0,0,0,0
46,47,0,0,0,0,0
47,48,0,0,0,0,0
48,49,0,0,0,0,0
49,50,0,0,0,0,0
50,51,0,0,0,0,0
51,52,0,0,0,0,0
52,53,0,0,0,0,0
53,54,0,0,0,0,0
54,55,0,0,0,0,0
55,56,0,0,0,0,0
56,57,0,0,0,0,1
57,58,0,0,0,1,0
58,59,0,0,0,0,1
59,60,0,0,0,0,0
60,61,0,0,0,0,0
61,62,0,0,0,0,0
62,63,0,0,0,0,0
63,64,0,0,0,0,0
64,65,0,0,0,0,1
65,66,0,0,0,0,1
66,67,0,0,0,0,2
67,68,0,0,0,0,3
68,69,0,0,0,0,3
69,70,0,0,0,0,2
70,71,0,0,0,0,0
71,72,0,0,0,0,0
72,73,0,0,0,0,0
73,74,0,0,0,0,0
74,75,0,0,0,0,0
75,76,0,0,0,0,0
76,77,0,0,0,0,1
77,78,0,0,0,0,1
78,79,0,0,0,0,2
79,80,0,0,0,0,1
80,81,0,0,0,0,1
81,82,0,0,0,0,0
82,83,0,0,0,0,0
83,84,0,0,0,0,0
84,85,0,0,0,0,0
85,86,0,0,0,0,1
86,87,0,0,0,0,1
87,88,0,0,0,0,1
88,89,0,0,0,0,3
89,90,0,0,0,0,4
90,91,0,0,0,1,6
91,92,0,0,1,2,2
92,93,0,0,0,0,3
93,94,0,0,0,0,0
94,95,0,0,0,0,0
95,96,0,0,0,0,0
96,97,0,0,0,0,0
97,98,0,0,0,0,0
98,99,0,0,0,0,0
99,100,0,0,0,0,1
100,101,0,0,0,1,0
101,102,0,0,0,0,1
102,103,0,0,0,0,0
103,104,0,0,0,0,0
104,105,0,0,0,0,0
105,106,0,0,0,0,0
106,107,0,0,0,0,1
107,108,0,0,0,0,2
108,109,0,0,0,1,0
109,110,0,0,0,0,1
110,111,0,0,0,0,4
111,112,0,0,0,3,3
112,113,0,0,0,0,9
113,114,0,0,0,1,4
114,115,0,0,0,0,3
115,116,0,0,0,0,0
116,117,0,0,0,0,0
117,118,0,0,0,0,0
118,119,0,0,0,0,0
119,120,0,0,0,0,0
120,121,0,0,0,0,0
121,122,0,0,0,0,1
122,123,0,0,0,0,1
123,124,0,0,0,0,1
124,125,0,0,0,0,0
125,126,0,0,0,0,0
126,127,0,0,0,0,0
127,128,0,0,0,0,0
128,129,0,0,0,0,2
129,130,0,0,0,0,2
130,131,0,0,0,0,1
131,132,0,0,0,1,0
132,133,0,0,0,0,2
133,134,0,0,0,0,1
134,135,0,0,0,0,1
135,136,0,0,0,0,4
136,137,0,0,0,1,4
137,138,0,1,1,1,6
138,139,0,0,0,0,4
139,140,0,0,0,0,5
140,141,0,0,0,0,3
141,142,0,0,0,0,2
142,143,0,0,0,0,0
143,144,0,0,0,0,0
144,145,0,0,0,0,0
145,146,0,0,0,0,0
146,147,0,0,0,0,1
147,148,0,0,0,0,3
148,149,0,0,0,0,3
149,150,0,0,0,0,2
150,151,0,0,0,0,0
151,152,0,0,0,0,0
152,153,0,0,0,0,0
153,154,0,0,0,0,0
154,155,0,0,0,0,0
155,156,0,0,0,0,0
156,157,0,0,0,0,0
157,158,0,0,0,0,0
158,159,0,0,0,0,2
159,160,0,0,2,2,0
160,161,0,0,0,0,2
161,162,0,0,0,0,1
162,163,0,0,0,0,1
163,164,0,0,0,0,1
164,165,0,0,0,0,0
165,166,0,0,0,0,0
166,167,0,0,0,0,2
167,168,0,0,0,0,3
168,169,0,0,0,0,4
169,170,0,0,0,1,2
170,171,0,0,0,1,3
171,172,0,0,0,2,1
172,173,0,0,0,0,2
173,174,0,0,0,0,0
174,175,0,0,0,0,0
175,176,0,0,0,0,0
176,177,0,0,0,0,0
177,178,0,0,0,0,1
178,179,0,0,0,1,2
179,180,0,0,0,2,1
180,181,0,0,0,0,2
181,182,0,0,0,0,0
182,183,0,0,0,0,0
183,184,0,0,0,0,0
184,185,0,0,0,0,0
185,186,0,0,0,0,0
186,187,0,0,0,0,2
187,188,0,0,0,0,2
188,189,0,0,0,0,2
189,190,0,0,0,0,0
190,191,0,0,0,0,0
191,192,0,0,0,0,0
192,193,0,0,0,0,0
193,194,0,0,0,0,0
194,195,0,0,0,0,0
195,196,0,0,0,0,0
196,197,0,0,0,0,2
197,198,0,0,0,0,2
198,199,0,0,0,0,2
199,200,0,0,0,0,0
200,201,0,0,0,0,0
201,202,0,0,0,0,0
202,203,0,0,0,0,0
203,204,0,0,0,0,0
204,205,0,0,0,0,2
205,206,0,0,1,1,1
206,207,0,0,0,0,3
207,208,0,0,0,0,3
208,209,0,0,0,0,6
209,210,0,0,0,0,5
210,211,0,0,0,0,3
211,212,0,0,0,0,0
212,213,0,0,0,0,0
213,214,0,0,0,0,1
214,215,0,0,0,0,1
215,216,0,0,0,0,2
216,217,0,0,0,0,3
217,218,0,0,0,0,3
218,219,0,0,0,0,2
219,220,0,0,0,0,0
220,221,0,0,0,0,0
221,222,0,0,0,0,0
222,223,0,0,0,0,0
223,224,0,0,0,0,0
224,225,0,0,0,0,0
225,226,0,0,0,0,0
226,227,0,0,0,0,1
227,228,0,0,0,0,3
228,229,0,0,0,2,1
229,230,0,0,0,0,2
230,231,0,0,0,0,0
231,232,0,0,0,0,0
232,233,0,0,0,0,0
233,234,0,0,0,0,0
234,235,0,0,0,0,0
235,236,0,0,0,0,0
236,237,0,0,0,0,0
237,238,0,0,0,0,0
238,239,0,0,0,0,0
239,240,0,0,0,0,0
240,241,0,0,0,0,1
241,242,0,0,0,0,1
242,243,0,0,0,0,1
243,244,0,0,0,0,0
244,245,0,0,0,0,2
245,246,0,0,0,0,4
246,247,0,0,0,1,3
247,248,0,0,0,0,2
248,249,0,0,0,0,1
249,250,0,0,1,1,1
250,251,0,0,0,1,2
251,252,0,0,0,0,2
252,253,0,0,0,0,2
253,254,0,0,0,0,1
254,255,0,0,0,0,4
255,256,0,0,0,1,2
256,257,0,0,0,0,4
257,258,0,0,0,0,1
258,259,0,0,0,0,1
259,260,0,0,0,0,0
260,261,0,0,0,0,0
261,262,0,0,0,0,0
262,263,0,0,0,0,0
263,264,0,0,0,0,0
264,265,0,0,0,0,0
265,266,0,0,0,0,0
266,267,0,0,0,0,0
267,268,0,0,0,0,0
268,269,0,0,0,0,1
269,270,0,0,0,1,3
270,271,0,0,0,0,4
271,272,0,0,0,0,3
272,273,0,0,0,0,0
273,274,0,0,0,0,0
274,275,0,0,0,0,0
275,276,0,0,0,0,0
276,277,0,0,0,0,0
277,278,0,0,0,0,0
278,279,0,0,0,0,0
279,280,0,0,0,0,1
280,281,0,0,0,0,1
281,282,0,0,0,0,1
282,283,0,0,0,0,1
283,284,0,0,0,1,0
284,285,0,0,0,0,1
285,286,0,0,0,0,0
286,287,0,0,0,0,2
287,288,0,0,0,2,1
288,289,0,0,0,0,3
289,290,0,0,0,0,5
290,291,0,0,0,0,6
291,292,0,0,0,0,7
292,293,0,0,0,0,4
293,294,0,0,0,1,2
294,295,0,0,0,0,3
295,296,0,0,0,1,1
296,297,0,0,0,0,5
297,298,0,0,0,2,2
298,299,0,0,0,0,5
299,300,0,0,0,1,0
300,301,0,0,0,0,1
301,302,0,0,0,0,0
302,303,0,0,0,0,0
303,304,0,0,0,0,0
304,305,0,0,0,0,0
305,306,0,0,0,0,0
306,307,0,0,0,0,0
307,308,0,0,0,0,0
308,309,0,0,0,0,0
309,310,0,0,0,0,0
310,311,0,0,0,0,0
311,312,0,0,0,0,0
312,313,0,0,0,0,1
313,314,0,0,0,0,2
314,315,0,0,0,1,2
315,316,0,0,0,0,2
316,317,0,0,0,0,1
317,318,0,0,0,0,0
318,319,0,0,0,0,0
319,320,0,0,0,0,0
320,321,0,0,0,0,0
321,322,0,0,0,0,0
322,323,0,0,0,0,0
323,324,0,0,0,0,1
324,325,0,0,0,1,0
325,326,0,0,0,0,1
326,327,0,0,0,0,2
327,328,0,0,0,0,2
328,329,0,0,0,0,2
329,330,0,0,0,0,0
330,331,0,0,0,0,2
331,332,0,0,0,0,2
332,333,0,0,0,0,2
333,334,0,0,0,0,9
334,335,0,2,2,4,6
335,336,0,0,0,1,10
336,337,0,0,0,0,3
337,338,0,0,0,0,3
338,339,0,0,0,1,2
339,340,0,0,0,0,7
340,341,0,0,0,0,11
341,342,0,0,0,1,9
342,343,0,0,0,0,6
343,344,0,0,0,0,1
344,345,0,0,0,0,0
345,346,0,0,0,0,0
346,347,0,0,0,0,0
347,348,0,0,0,0,0
348,349,0,0,0,0,0
349,350,0,0,0,0,0
350,351,0,0,0,0,0
351,352,0,0,0,0,0
352,353,0,0,0,0,0
353,354,0,0,0,0,0
354,355,0,0,0,0,0
355,356,0,0,0,0,0
356,357,0,0,0,0,0
357,358,0,0,0,0,1
358,359,0,0,0,0,4
359,360,0,0,0,1,3
360,361,0,0,0,0,3
361,362,0,0,0,0,0
362,363,0,0,0,0,0
363,364,0,0,0,0,0
364,365,0,0,0,0,0
365,366,0,0,0,0,0
366,367,0,0,0,0,0
367,368,0,0,0,0,1
368,369,0,0,0,0,1
369,370,0,0,0,0,1
370,371,0,0,0,0,1
371,372,0,0,0,1,0
372,373,0,0,0,0,1
373,374,0,0,0,0,0
374,375,0,0,0,0,0
375,376,0,0,0,0,1
376,377,0,0,0,0,2
377,378,0,0,0,0,14
378,379,0,0,0,5,10
379,380,0,0,0,0,15
380,381,0,0,0,1,2
381,382,0,0,0,0,3
382,383,0,0,0,0,2
383,384,0,0,0,0,7
384,385,0,0,0,5,3
385,386,0,0,1,2,6
386,387,0,0,0,0,3
387,388,0,0,0,0,1
388,389,0,0,0,0,0
389,390,0,0,0,0,0
390,391,0,0,0,0,0
391,392,0,0,0,0,0
392,393,0,0,0,0,0
393,394,0,0,0,0,0
394,395,0,0,0,0,0
395,396,0,0,0,0,0
396,397,0,0,0,0,0
397,398,0,0,0,0,0
398,399,0,0,0,0,0
399,400,0,0,0,0,0
400,401,0,0,0,0,0
401,402,0,0,0,0,0
402,403,0,0,0,0,3
403,404,0,0,0,2,1
404,405,0,0,0,0,3
405,406,0,0,0,0,0
406,407,0,0,0,0,0
407,408,0,0,0,0,0
408,409,0,0,0,0,0
409,410,0,0,0,0,0
410,411,0,0,0,0,0
411,412,0,0,0,0,0
412,413,0,0,0,0,0
413,414,0,0,0,0,0
414,415,0,0,0,0,1
415,416,0,0,0,0,1
416,417,0,0,0,0,1
417,418,0,0,0,0,0
418,419,0,0,0,0,0
419,420,0,0,0,0,8
420,421,0,0,0,1,10
421,422,0,0,0,1,21
422,423,0,0,0,3,25
423,424,0,0,0,1,36
424,425,0,0,0,0,26
425,426,0,0,0,0,13
426,427,0,0,1,1,0
427,428,0,0,0,0,6
428,429,0,0,0,0,7
429,430,0,0,0,0,7
430,431,0,0,0,0,0
431,432,0,0,0,0,1
432,433,0,0,0,1,0
433,434,0,0,0,0,1
434,435,0,0,0,0,0
435,436,0,0,0,0,0
436,437,0,0,0,0,0
437,438,0,0,0,0,0
438,439,0,0,0,0,0
439,440,0,0,0,0,0
440,441,0,0,0,0,0
441,442,0,0,0,0,0
442,443,0,0,0,0,0
443,444,0,0,0,0,0
444,445,0,0,0,0,0
445,446,0,0,0,0,0
446,447,0,0,0,0,0
447,448,0,0,0,0,0
448,449,0,0,0,0,2
449,450,0,0,0,0,2
450,451,0,0,0,0,2
451,452,0,0,0,0,0
452,453,0,0,0,0,0
453,454,0,0,0,0,0
454,455,0,0,0,0,0
455,456,0,0,0,0,0
456,457,0,0,0,0,0
457,458,0,0,0,0,0
458,459,0,0,0,0,0
459,460,0,0,0,0,1
460,461,0,0,0,0,1
461,462,0,0,0,0,1
462,463,0,0,0,0,0
463,464,0,0,0,0,1
464,465,0,0,0,0,2
465,466,0,0,0,0,10
466,467,0,1,1,7,12
467,468,0,0,0,2,25
468,469,0,0,0,3,30
469,470,0,1,1,13,24
470,471,0,0,0,11,20
471,472,0,0,0,0,19
472,473,0,0,0,0,5
473,474,0,0,0,0,2
474,475,0,0,0,0,0
475,476,0,0,0,0,0
476,477,0,0,0,0,0
477,478,0,0,0,0,0
478,479,0,0,0,0,2
479,480,0,0,0,0,2
480,481,0,0,0,0,3
481,482,0,0,0,0,1
482,483,0,0,0,0,1
483,484,0,0,0,0,0
484,485,0,0,0,0,0
485,486,0,0,0,0,0
486,487,0,0,0,0,0
487,488,0,0,0,0,0
488,489,0,0,0,0,0
489,490,0,0,0,0,0
490,491,0,0,0,0,0
491,492,0,0,0,0,0
492,493,0,0,0,0,1
493,494,0,0,0,0,1
494,495,0,0,0,0,1
495,496,0,0,0,0,0
496,497,0,0,0,0,0
497,498,0,0,0,0,0
498,499,0,0,0,0,0
499,500,0,0,0,0,0
500,501,0,0,0,0,0
501,502,0,0,0,0,0
502,503,0,0,0,0,0
503,504,0,0,0,0,0
504,505,0,0,0,0,0
505,506,0,0,0,0,0
506,507,0,0,0,0,1
507,508,0,0,0,1,0
508,509,0,0,0,0,3
509,510,0,0,0,0,5
510,511,0,0,0,0,6
511,512,0,0,0,1,12
512,513,0,0,0,1,18
513,514,0,0,0,0,27
514,515,0,0,0,7,20
515,516,0,0,0,3,36
516,517,0,0,0,0,48
517,518,0,0,0,3,43
518,519,0,0,0,3,23
519,520,0,0,0,1,7
520,521,0,0,0,0,1
521,522,0,0,0,0,0
522,523,0,0,0,0,3
523,524,0,0,0,0,3
524,525,0,0,0,0,2
525,526,0,0,0,0,0
526,527,0,0,0,0,0
527,528,0,0,0,0,1
528,529,0,0,0,1,0
529,530,0,0,0,0,2
530,531,0,0,0,1,0
531,532,0,0,0,0,1
532,533,0,0,0,0,0
533,534,0,0,0,0,0
534,535,0,0,0,0,0
535,536,0,0,0,0,3
536,537,0,0,0,0,3
537,538,0,0,0,0,3
538,539,0,0,0,0,0
539,540,0,0,0,0,0
540,541,0,0,0,0,0
541,542,0,0,0,0,1
542,543,0,0,0,1,0
543,544,0,0,0,0,1
544,545,0,0,0,0,0
545,546,0,0,0,0,0
546,547,0,0,0,0,0
547,548,0,0,0,0,0
548,549,0,0,0,0,0
549,550,0,0,0,0,0
550,551,0,0,0,0,0
551,552,0,0,0,0,0
552,553,0,0,0,0,0
553,554,0,0,0,0,0
554,555,0,0,0,0,0
555,556,0,0,0,0,1
556,557,0,0,0,0,1
557,558,0,0,0,0,10
558,559,0,0,0,2,15
559,560,0,0,0,3,19
560,561,0,0,0,0,33
561,562,0,0,0,8,21
562,563,0,0,0,2,33
563,564,0,0,0,0,32
564,565,0,0,0,3,50
565,566,0,1,1,8,46
566,567,0,0,0,4,40
567,568,0,0,0,4,16
568,569,0,0,0,0,8
569,570,0,0,0,0,1
570,571,0,0,0,0,0
571,572,0,0,0,0,0
572,573,0,0,0,0,3
573,574,0,0,0,1,4
574,575,0,0,0,2,3
575,576,0,0,0,0,2
576,577,0,0,0,0,0
577,578,0,0,0,0,0
578,579,0,0,0,0,2
579,580,0,0,0,0,2
580,581,0,0,0,0,3
581,582,0,0,0,0,1
582,583,0,0,0,0,1
583,584,0,0,0,0,0
584,585,0,0,0,0,0
585,586,0,0,0,0,0
586,587,0,0,0,0,3
587,588,0,0,0,3,0
588,589,0,0,0,0,3
589,590,0,0,0,0,0
590,591,0,0,0,0,0
591,592,0,0,0,0,0
592,593,0,0,0,0,1
593,594,0,0,0,0,1
594,595,0,0,0,0,1
595,596,0,0,0,0,0
596,597,0,0,0,0,0
597,598,0,0,0,0,0
598,599,0,0,0,0,0
599,600,0,0,0,0,0
600,601,0,0,0,0,0
601,602,0,0,0,0,0
602,603,0,0,0,0,0
603,604,0,0,0,0,0
604,605,0,0,0,0,0
605,606,0,0,0,0,0
606,607,0,0,0,0,3
607,608,0,0,0,0,7
608,609,0,0,0,0,16
609,610,0,0,0,7,14
610,611,0,2,2,5,16
611,612,0,0,0,4,27
612,613,0,0,0,11,16
613,614,0,0,0,2,25
614,615,0,0,0,4,26
615,616,0,1,2,11,42
616,617,0,0,0,17,41
617,618,0,0,0,5,37
618,619,0,0,0,0,15
619,620,0,0,0,0,6
620,621,0,0,0,0,0
621,622,0,0,0,0,0
622,623,0,0,0,0,0
623,624,0,0,0,0,0
624,625,0,0,0,0,0
625,626,0,0,0,0,3
626,627,0,0,0,0,3
627,628,0,0,0,0,3
628,629,0,0,0,0,0
629,630,0,0,0,0,0
630,631,0,0,0,0,0
631,632,0,0,0,0,3
632,633,0,0,0,2,6
633,634,0,0,0,0,8
634,635,0,0,0,0,5
635,636,0,0,0,0,0
636,637,0,0,0,0,0
637,638,0,0,0,0,4
638,639,0,0,0,1,3
639,640,0,0,0,0,4
640,641,0,0,0,0,0
641,642,0,0,0,0,0
642,643,0,0,0,0,0
643,644,0,0,0,0,0
644,645,0,0,0,0,0
645,646,0,0,0,0,4
646,647,0,0,0,0,8
647,648,0,0,0,0,8
648,649,0,0,0,0,4
649,650,0,0,0,0,0
650,651,0,0,0,0,0
651,652,0,0,0,0,0
652,653,0,0,0,0,0
653,654,0,0,0,0,0
654,655,0,0,0,0,0
655,656,0,0,0,0,0
656,657,0,0,0,0,0
657,658,0,0,0,0,0
658,659,0,0,0,0,0
659,660,0,0,0,0,0
660,661,0,0,0,0,0
661,662,0,0,0,0,0
662,663,0,0,0,0,0
663,664,0,0,0,0,0
664,665,0,0,0,0,20
665,666,0,0,0,0,38
666,667,0,0,0,3,39
667,668,0,0,0,4,25
668,669,0,0,0,0,16
669,670,0,0,0,0,16
670,671,0,0,0,0,20
671,672,0,0,0,0,17
672,673,0,0,0,0,19
673,674,0,0,0,0,35
674,675,0,0,1,8,44
675,676,0,0,0,2,49
676,677,0,0,0,0,26
677,678,0,0,1,2,5
678,679,0,0,0,0,2
679,680,0,0,0,0,0
680,681,0,0,0,0,0
681,682,0,0,0,0,0
682,683,0,0,0,0,0
683,684,0,0,0,0,0
684,685,0,0,0,0,3
685,686,0,0,0,3,0
686,687,0,0,0,0,3
687,688,0,0,0,0,0
688,689,0,0,0,0,0
689,690,0,0,0,0,0
690,691,0,0,0,0,2
691,692,0,0,0,0,5
692,693,0,0,0,3,2
693,694,0,0,0,0,3
694,695,0,0,0,0,0
695,696,0,0,0,0,0
696,697,0,0,0,0,5
697,698,0,0,0,3,3
698,699,0,0,0,0,6
699,700,0,0,0,0,1
700,701,0,0,0,0,0
701,702,0,0,0,0,0
702,703,0,0,0,0,1
703,704,0,0,0,0,1
704,705,0,0,0,0,2
705,706,0,0,0,1,4
706,707,0,0,1,4,1
707,708,0,0,0,0,4
708,709,0,0,0,0,0
709,710,0,0,0,0,1
710,711,0,0,0,0,2
711,712,0,0,0,0,2
712,713,0,0,0,0,1
713,714,0,0,0,0,0
714,715,0,0,0,0,0
715,716,0,0,0,0,0
716,717,0,0,0,0,0
717,718,0,0,0,0,0
718,719,0,0,0,0,0
719,720,0,0,0,0,0
720,721,0,0,0,0,0
721,722,0,0,0,0,0
722,723,0,0,0,0,0
723,724,0,0,0,0,31
724,725,0,0,0,20,29
725,726,0,0,1,15,40
726,727,0,0,0,0,25
727,728,0,0,0,0,7
728,729,0,0,0,0,1
729,730,0,0,0,0,0
730,731,0,0,0,0,0
731,732,0,0,0,0,2
732,733,0,0,0,2,16
733,734,0,0,0,8,12
734,735,0,0,0,0,18
735,736,0,0,0,0,4
736,737,0,0,0,0,2
737,738,0,0,0,0,3
738,739,0,0,0,0,1
739,740,0,0,0,0,0
740,741,0,0,0,0,2
741,742,0,0,0,0,2
742,743,0,0,0,0,2
743,744,0,0,0,0,3
744,745,0,0,0,0,3
745,746,0,0,0,0,3
746,747,0,0,0,0,0
747,748,0,0,0,0,0
748,749,0,0,0,0,0
749,750,0,0,0,0,0
750,751,0,0,0,0,3
751,752,0,0,0,0,3
752,753,0,0,0,0,3
753,754,0,0,0,0,0
754,755,0,0,0,0,0
755,756,0,0,0,0,6
756,757,0,0,0,1,6
757,758,0,0,0,1,6
758,759,0,0,0,0,1
759,760,0,0,0,0,0
760,761,0,0,0,0,1
761,762,0,0,0,0,2
762,763,0,0,0,1,1
763,764,0,0,0,0,2
764,765,0,0,0,0,5
765,766,0,0,0,0,5
766,767,0,0,0,0,4
767,768,0,0,0,0,0
768,769,0,0,0,0,1
769,770,0,0,0,1,1
770,771,0,0,0,1,1
771,772,0,0,0,0,1
772,773,0,0,0,0,0
773,774,0,0,0,0,0
774,775,0,0,0,0,0
775,776,0,0,0,0,0
776,777,0,0,0,0,0
777,778,0,0,0,0,0
778,779,0,0,0,0,0
779,780,0,0,0,0,1
780,781,0,0,0,0,3
781,782,0,0,0,0,14
782,783,0,0,0,0,52
783,784,0,0,0,11,54
784,785,0,0,0,0,56
785,786,0,0,0,2,16
786,787,0,0,0,1,2
787,788,0,0,0,0,1
788,789,0,0,0,0,0
789,790,0,0,0,0,3
790,791,0,0,0,0,6
791,792,0,0,0,0,19
792,793,0,0,0,0,16
793,794,0,0,0,0,13
794,795,0,0,0,0,0
795,796,0,0,0,0,0
796,797,0,0,0,0,1
797,798,0,0,0,1,0
798,799,0,0,0,0,1
799,800,0,0,0,0,0
800,801,0,0,0,0,2
801,802,0,0,0,2,0
802,803,0,0,0,0,2
803,804,0,0,0,0,0
804,805,0,0,0,0,0
805,806,0,0,0,0,0
806,807,0,0,0,0,0
807,808,0,0,0,0,0
808,809,0,0,0,0,0
809,810,0,0,0,0,0
810,811,0,0,0,0,0
811,812,0,0,0,0,5
812,813,0,0,0,0,5
813,814,0,0,0,0,5
814,815,0,0,0,0,0
815,816,0,0,0,0,3
816,817,0,0,0,2,3
817,818,0,0,0,0,5
818,819,0,0,0,0,2
819,820,0,0,0,0,0
820,821,0,0,0,0,2
821,822,0,0,0,1,2
822,823,0,0,0,0,3
823,824,0,0,0,0,1
824,825,0,0,0,0,0
825,826,0,0,0,0,0
826,827,0,0,0,0,0
827,828,0,0,0,0,0
828,829,0,0,0,0,1
829,830,0,0,0,0,2
830,831,0,0,0,0,2
831,832,0,0,0,0,1
832,833,0,0,0,0,1
833,834,0,0,0,0,1
834,835,0,0,0,0,1
835,836,0,0,0,0,0
836,837,0,0,0,0,0
837,838,0,0,0,0,0
838,839,0,0,0,0,1
839,840,0,0,0,0,4
840,841,0,0,0,1,13
841,842,0,0,0,2,23
842,843,0,0,1,11,31
843,844,0,0,0,8,24
844,845,0,0,0,0,22
845,846,0,0,0,0,3
846,847,0,0,0,0,3
847,848,0,0,0,0,1
848,849,0,0,0,0,0
849,850,0,0,0,0,3
850,851,0,0,0,3,4
851,852,0,0,0,1,19
852,853,0,1,1,5,12
853,854,0,0,0,0,13
854,855,0,0,0,0,0
855,856,0,0,0,0,0
856,857,0,0,0,0,1
857,858,0,0,0,0,1
858,859,0,0,0,0,1
859,860,0,0,0,0,2
860,861,0,0,0,0,2
861,862,0,0,0,0,2
862,863,0,0,0,0,0
863,864,0,0,0,0,0
864,865,0,0,0,0,1
865,866,0,0,0,0,1
866,867,0,0,0,0,1
867,868,0,0,0,0,0
868,869,0,0,0,0,0
869,870,0,0,0,0,1
870,871,0,0,0,0,8
871,872,0,0,0,5,3
872,873,0,0,0,0,7
873,874,0,0,0,0,0
874,875,0,0,0,0,3
875,876,0,0,0,0,5
876,877,0,1,1,1,11
877,878,0,0,0,0,9
878,879,0,0,0,0,7
879,880,0,0,0,0,2
880,881,0,0,1,1,1
881,882,0,0,0,0,2
882,883,0,0,0,0,0
883,884,0,0,0,0,0
884,885,0,0,0,0,0
885,886,0,0,0,0,0
886,887,0,0,0,0,2
887,888,0,0,0,0,2
888,889,0,0,0,0,2
889,890,0,0,0,0,0
890,891,0,0,0,0,0
891,892,0,0,0,0,1
892,893,0,0,0,1,0
893,894,0,0,0,0,3
894,895,0,0,0,0,2
895,896,0,0,0,0,3
896,897,0,0,0,0,7
897,898,0,0,0,0,17
898,899,0,0,0,1,29
899,900,0,0,0,2,42
900,901,0,0,0,8,54
901,902,0,0,0,1,56
902,903,0,0,0,1,36
903,904,0,0,0,0,9
904,905,0,0,0,0,0
905,906,0,0,0,0,2
906,907,0,0,0,0,2
907,908,0,0,0,0,2
908,909,0,0,0,0,4
909,910,0,0,0,0,8
910,911,0,0,0,3,18
911,912,0,0,2,8,9
912,913,0,0,0,0,13
913,914,0,0,0,0,0
914,915,0,0,0,0,0
915,916,0,0,0,0,0
916,917,0,0,0,0,0
917,918,0,0,0,0,0
918,919,0,0,0,0,0
919,920,0,0,0,0,0
920,921,0,0,0,0,0
921,922,0,0,0,0,0
922,923,0,0,0,0,0
923,924,0,0,0,0,1
924,925,0,0,0,1,1
925,926,0,0,0,0,2
926,927,0,0,0,0,1
927,928,0,0,0,0,1
928,929,0,0,0,0,7
929,930,0,0,0,1,14
930,931,0,0,0,2,12
931,932,0,0,0,0,8
932,933,0,0,0,0,0
933,934,0,0,0,0,1
934,935,0,0,0,1,2
935,936,0,0,0,1,15
936,937,0,0,1,7,8
937,938,0,0,0,0,13
938,939,0,0,0,0,1
939,940,0,0,0,0,1
940,941,0,0,0,0,1
941,942,0,0,0,0,0
942,943,0,0,0,0,0
943,944,0,0,0,0,0
944,945,0,0,0,0,0
945,946,0,0,0,0,7
946,947,0,0,0,2,7
947,948,0,0,0,0,12
948,949,0,0,0,0,5
949,950,0,0,0,0,3
950,951,0,0,0,0,1
951,952,0,0,0,0,1
952,953,0,0,0,0,3
953,954,0,0,0,2,0
954,955,0,0,0,0,3
955,956,0,0,0,1,18
956,957,0,1,1,6,26
957,958,0,0,0,9,56
958,959,0,0,0,11,72
959,960,0,0,0,10,88
960,961,0,0,0,16,49
961,962,0,0,0,0,29
962,963,0,0,0,0,1
963,964,0,0,0,0,4
964,965,0,0,0,0,7
965,966,0,0,0,2,9
966,967,0,0,0,0,11
967,968,0,0,0,0,9
968,969,0,0,0,1,8
969,970,0,0,0,0,13
970,971,0,0,0,0,12
971,972,0,0,0,0,8
972,973,0,0,0,0,0
973,974,0,0,0,0,0
974,975,0,0,0,0,2
975,976,0,0,0,0,2
976,977,0,0,0,0,2
977,978,0,0,0,0,0
978,979,0,0,0,0,1
979,980,0,0,0,0,1
980,981,0,0,0,0,2
981,982,0,0,0,0,2
982,983,0,0,0,0,3
983,984,0,0,0,1,1
984,985,0,0,0,0,1
985,986,0,0,0,0,3
986,987,0,0,0,1,10
987,988,0,0,0,5,11
988,989,0,0,0,1,12
989,990,0,0,0,0,5
990,991,0,0,0,0,0
991,992,0,0,0,0,1
992,993,0,0,0,0,3
993,994,0,0,0,0,20
994,995,0,0,0,6,13
995,996,0,0,0,0,17
996,997,0,0,0,0,1
997,998,0,0,0,0,1
998,999,0,0,0,0,1
999,1000,0,0,0,0,0
1000,1001,0,0,0,0,0
1001,1002,0,0,0,0,0
1002,1003,0,0,0,0,0
1003,1004,0,0,0,0,8
1004,1005,0,0,0,5,5
1005,1006,0,0,0,2,14
1006,1007,0,0,0,3,10
1007,1008,0,0,0,0,11
1008,1009,0,0,0,0,5
1009,1010,0,0,0,0,0
1010,1011,0,0,0,0,2
1011,1012,0,0,0,0,3
1012,1013,0,0,0,0,22
1013,1014,0,0,0,0,42
1014,1015,0,0,2,12,43
1015,1016,0,0,0,3,81
1016,1017,0,0,0,21,78
1017,1018,0,0,0,18,102
1018,1019,0,0,1,11,64
1019,1020,0,0,0,0,38
1020,1021,0,0,0,0,5
1021,1022,0,0,0,0,7
1022,1023,0,0,0,4,7
1023,1024,0,0,0,1,13
1024,1025,0,0,1,4,9
1025,1026,0,0,0,4,6
1026,1027,0,0,0,0,6
1027,1028,0,0,0,1,1
1028,1029,0,0,0,0,1
1029,1030,0,0,0,0,0
1030,1031,0,0,0,0,0
1031,1032,0,0,0,0,0
1032,1033,0,0,0,0,2
1033,1034,0,0,0,2,0
1034,1035,0,0,0,0,2
1035,1036,0,0,0,0,0
1036,1037,0,0,0,0,0
1037,1038,0,0,0,0,1
1038,1039,0,0,0,1,0
1039,1040,0,0,0,0,2
1040,1041,0,0,0,1,0
1041,1042,0,0,0,0,2
1042,1043,0,0,0,0,1
1043,1044,0,0,0,0,1
1044,1045,0,0,0,0,3
1045,1046,0,0,0,2,8
1046,1047,0,0,0,2,11
1047,1048,0,0,0,2,8
1048,1049,0,0,0,0,3
1049,1050,0,0,0,0,0
1050,1051,0,0,0,0,0
1051,1052,0,0,0,0,1
1052,1053,0,0,0,1,10
1053,1054,0,0,0,4,7
1054,1055,0,0,0,0,12
1055,1056,0,0,0,0,4
1056,1057,0,0,0,1,3
1057,1058,0,0,0,0,2
1058,1059,0,0,0,0,0
1059,1060,0,0,0,0,0
1060,1061,0,0,0,0,0
1061,1062,0,0,0,0,0
1062,1063,0,0,0,0,10
1063,1064,0,0,0,1,13
1064,1065,0,0,0,0,25
1065,1066,0,0,0,3,17
1066,1067,0,0,0,5,11
1067,1068,0,0,0,0,5
1068,1069,0,0,0,0,1
1069,1070,0,0,0,0,1
1070,1071,0,0,0,0,2
1071,1072,0,0,0,1,23
1072,1073,0,1,1,18,29
1073,1074,0,0,0,4,49
1074,1075,0,0,0,2,75
1075,1076,0,0,0,16,68
1076,1077,0,1,1,9,88
1077,1078,0,0,1,8,49
1078,1079,0,0,0,3,24
1079,1080,0,0,0,0,9
1080,1081,0,0,0,2,5
1081,1082,0,0,1,1,8
1082,1083,0,0,0,1,11
1083,1084,0,0,0,1,10
1084,1085,0,0,0,0,9
1085,1086,0,0,0,0,5
1086,1087,0,0,0,0,1
1087,1088,0,0,0,0,1
1088,1089,0,0,0,0,0
1089,1090,0,0,0,0,0
1090,1091,0,0,0,0,0
1091,1092,0,0,0,0,2
1092,1093,0,0,0,0,2
1093,1094,0,0,0,0,2
1094,1095,0,0,0,0,0
1095,1096,0,0,0,0,0
1096,1097,0,0,0,0,1
1097,1098,0,0,0,0,1
1098,1099,0,0,0,0,2
1099,1100,0,0,0,0,1
1100,1101,0,0,0,0,1
1101,1102,0,0,0,0,0
1102,1103,0,0,0,0,0
1103,1104,0,0,0,0,2
1104,1105,0,0,0,0,4
1105,1106,0,0,0,0,6
1106,1107,0,0,0,0,4
1107,1108,0,0,0,0,2
1108,1109,0,0,0,0,0
1109,1110,0,0,0,0,0
1110,1111,0,0,0,0,1
1111,1112,0,0,0,0,5
1112,1113,0,0,0,0,5
1113,1114,0,0,0,0,6
1114,1115,0,0,0,2,4
1115,1116,0,0,0,1,8
1116,1117,0,0,0,0,7
1117,1118,0,0,0,0,3
1118,1119,0,0,0,0,0
1119,1120,0,0,0,0,1
1120,1121,0,0,0,0,3
1121,1122,0,0,0,0,22
1122,1123,0,0,0,4,20
1123,1124,0,0,0,2,30
1124,1125,0,0,0,5,18
1125,1126,0,0,0,0,20
1126,1127,0,0,0,0,11
1127,1128,0,0,0,0,6
1128,1129,0,0,0,1,9
1129,1130,0,0,0,0,10
1130,1131,0,0,0,0,28
1131,1132,0,0,0,5,38
1132,1133,0,0,0,7,45
1133,1134,0,0,0,2,65
1134,1135,0,0,1,10,51
1135,1136,0,0,1,3,58
1136,1137,0,0,0,1,32
1137,1138,0,0,0,4,17
1138,1139,0,0,0,0,16
1139,1140,0,0,0,0,7
1140,1141,0,0,0,0,7
1141,1142,0,0,0,0,3
1142,1143,0,0,0,0,2
1143,1144,0,0,0,0,2
1144,1145,0,0,0,0,1
1145,1146,0,0,0,0,1
1146,1147,0,0,0,0,0
1147,1148,0,0,0,0,0
1148,1149,0,0,0,0,0
1149,1150,0,0,0,0,1
1150,1151,0,0,0,0,1
1151,1152,0,0,0,0,1
1152,1153,0,0,0,0,0
1153,1154,0,0,0,0,0
1154,1155,0,0,0,0,0
1155,1156,0,0,0,0,0
1156,1157,0,0,0,0,0
1157,1158,0,0,0,0,0
1158,1159,0,0,0,0,1
1159,1160,0,0,0,0,1
1160,1161,0,0,0,0,1
1161,1162,0,0,0,0,0
1162,1163,0,0,0,0,0
1163,1164,0,0,0,0,0
1164,1165,0,0,0,0,0
1165,1166,0,0,0,0,0
1166,1167,0,0,0,0,0
1167,1168,0,0,0,0,0
1168,1169,0,0,0,0,0
1169,1170,0,0,0,0,0
1170,1171,0,0,0,0,0
1171,1172,0,0,0,0,2
1172,1173,0,0,0,0,5
1173,1174,0,0,0,2,7
1174,1175,0,0,0,3,4
1175,1176,0,0,0,0,4
1176,1177,0,0,0,0,0
1177,1178,0,0,0,0,1
1178,1179,0,0,0,1,2
1179,1180,0,0,0,2,23
1180,1181,0,0,1,14,17
1181,1182,0,0,0,1,61
1182,1183,0,0,0,2,52
1183,1184,0,0,0,5,43
1184,1185,0,0,0,0,32
1185,1186,0,0,0,1,30
1186,1187,0,0,0,4,54
1187,1188,0,0,0,4,37
1188,1189,0,0,0,0,33
1189,1190,0,0,0,0,69
1190,1191,0,0,0,8,73
1191,1192,0,0,2,6,110
1192,1193,0,0,3,12,47
1193,1194,0,0,0,1,51
1194,1195,0,0,0,1,19
1195,1196,0,0,0,3,16
1196,1197,0,0,1,1,20
1197,1198,0,0,0,3,11
1198,1199,0,0,0,0,8
1199,1200,0,0,0,0,1
1200,1201,0,0,0,0,0
1201,1202,0,0,0,0,1
1202,1203,0,0,0,1,0
1203,1204,0,0,0,0,1
1204,1205,0,0,0,0,0
1205,1206,0,0,0,0,0
1206,1207,0,0,0,0,0
1207,1208,0,0,0,0,1
1208,1209,0,0,0,1,0
1209,1210,0,0,0,0,2
1210,1211,0,0,0,0,1
1211,1212,0,0,0,0,1
1212,1213,0,0,0,0,0
1213,1214,0,0,0,0,0
1214,1215,0,0,0,0,0
1215,1216,0,0,0,0,1
1216,1217,0,0,0,1,0
1217,1218,0,0,0,0,1
1218,1219,0,0,0,0,0
1219,1220,0,0,0,0,0
1220,1221,0,0,0,0,0
1221,1222,0,0,0,0,0
1222,1223,0,0,0,0,0
1223,1224,0,0,0,0,0
1224,1225,0,0,0,0,0
1225,1226,0,0,0,0,0
1226,1227,0,0,0,0,0
1227,1228,0,0,0,0,1
1228,1229,0,0,0,0,1
1229,1230,0,0,0,0,3
1230,1231,0,0,0,0,6
1231,1232,0,0,0,1,5
1232,1233,0,0,0,0,4
1233,1234,0,0,0,0,1
1234,1235,0,0,0,0,2
1235,1236,0,0,0,0,4
1236,1237,0,0,0,0,28
1237,1238,0,0,0,4,40
1238,1239,0,0,0,4,76
1239,1240,0,2,2,26,49
1240,1241,0,1,1,9,59
1241,1242,0,0,1,1,52
1242,1243,0,1,2,16,34
1243,1244,0,0,0,8,76
1244,1245,0,1,2,24,37
1245,1246,0,0,0,0,45
1246,1247,0,0,0,0,69
1247,1248,0,1,4,49,55
1248,1249,0,0,0,4,134
1249,1250,0,0,0,18,60
1250,1251,0,0,0,3,44
1251,1252,0,0,0,3,13
1252,1253,0,0,0,1,14
1253,1254,0,0,1,5,13
1254,1255,0,0,0,4,11
1255,1256,0,0,0,1,7
1256,1257,0,0,0,0,1
1257,1258,0,0,0,0,0
1258,1259,0,0,0,0,1
1259,1260,0,0,0,0,1
1260,1261,0,0,0,0,1
1261,1262,0,0,0,0,0
1262,1263,0,0,0,0,0
1263,1264,0,0,0,0,0
1264,1265,0,0,0,0,1
1265,1266,0,0,0,0,1
1266,1267,0,0,0,0,2
1267,1268,0,0,0,1,0
1268,1269,0,0,0,0,1
1269,1270,0,0,0,0,0
1270,1271,0,0,0,0,0
1271,1272,0,0,0,0,3
1272,1273,0,0,0,0,3
1273,1274,0,0,0,0,3
1274,1275,0,0,0,0,0
1275,1276,0,0,0,0,0
1276,1277,0,0,0,0,0
1277,1278,0,0,0,0,1
1278,1279,0,0,0,0,1
1279,1280,0,0,0,0,1
1280,1281,0,0,0,0,0
1281,1282,0,0,0,0,0
1282,1283,0,0,0,0,0
1283,1284,0,0,0,0,3
1284,1285,0,0,0,1,2
1285,1286,0,0,0,0,4
1286,1287,0,0,0,0,2
1287,1288,0,0,0,0,2
1288,1289,0,0,0,0,1
1289,1290,0,0,0,0,2
1290,1291,0,0,0,1,7
1291,1292,0,0,0,0,16
1292,1293,0,0,0,0,36
1293,1294,0,1,3,7,42
1294,1295,0,1,1,12,72
1295,1296,0,1,1,10,113
1296,1297,0,0,3,6,119
1297,1298,0,0,1,9,124
1298,1299,0,0,0,6,80
1299,1300,0,0,0,5,106
1300,1301,0,0,0,16,44
1301,1302,0,0,0,0,55
1302,1303,0,0,0,1,118
1303,1304,0,1,2,11,154
1304,1305,0,0,1,25,191
1305,1306,0,0,1,5,110
1306,1307,0,0,1,4,71
1307,1308,0,0,0,0,20
1308,1309,0,0,0,0,18
1309,1310,0,0,0,1,15
1310,1311,0,0,0,0,14
1311,1312,0,0,0,0,7
1312,1313,0,0,0,0,3
1313,1314,0,0,0,0,0
1314,1315,0,0,0,0,0
1315,1316,0,0,0,0,0
1316,1317,0,0,0,0,0
1317,1318,0,0,0,0,1
1318,1319,0,0,0,0,1
1319,1320,0,0,0,0,1
1320,1321,0,0,0,0,0
1321,1322,0,0,0,0,0
1322,1323,0,0,0,0,1
1323,1324,0,0,0,0,1
1324,1325,0,0,0,0,1
1325,1326,0,0,0,0,0
1326,1327,0,0,0,0,2
1327,1328,0,0,2,2,0
1328,1329,0,0,0,0,3
1329,1330,0,0,0,0,1
1330,1331,0,0,0,0,1
1331,1332,0,0,0,0,0
1332,1333,0,0,0,0,2
1333,1334,0,0,0,1,1
1334,1335,0,0,0,0,2
1335,1336,0,0,0,0,0
1336,1337,0,0,0,0,0
1337,1338,0,0,0,0,4
1338,1339,0,0,0,0,7
1339,1340,0,0,0,2,5
1340,1341,0,0,0,0,4
1341,1342,0,0,0,1,0
1342,1343,0,0,0,0,1
1343,1344,0,0,0,0,0
1344,1345,0,0,0,0,3
1345,1346,0,0,0,1,11
1346,1347,0,0,0,6,24
1347,1348,0,0,2,8,66
1348,1349,0,0,0,11,70
1349,1350,0,0,0,3,82
1350,1351,0,0,0,7,99
1351,1352,0,1,3,46,64
1352,1353,0,0,0,11,193
1353,1354,0,0,1,29,146
1354,1355,0,0,0,1,210
1355,1356,0,1,1,6,93
1356,1357,0,0,0,0,109
1357,1358,0,1,1,8,177
1358,1359,0,1,1,50,187
1359,1360,0,1,1,17,219
1360,1361,0,0,3,37,73
1361,1362,0,0,0,2,66
1362,1363,0,0,0,3,23
1363,1364,0,0,0,4,19
1364,1365,0,0,0,1,9
1365,1366,0,0,0,0,6
1366,1367,0,0,0,2,13
1367,1368,0,0,0,0,23
1368,1369,0,0,0,0,30
1369,1370,0,0,0,0,21
1370,1371,0,0,0,0,13
1371,1372,0,0,0,0,4
1372,1373,0,0,0,0,2
1373,1374,0,0,0,1,0
1374,1375,0,0,0,0,1
1375,1376,0,0,0,0,0
1376,1377,0,0,0,0,0
1377,1378,0,0,0,0,0
1378,1379,0,0,0,0,1
1379,1380,0,0,0,0,1
1380,1381,0,0,0,0,0
1381,1382,0,0,0,0,2
1382,1383,0,0,0,0,2
1383,1384,0,0,0,0,3
1384,1385,0,0,0,1,0
1385,1386,0,0,0,0,4
1386,1387,0,0,0,0,6
1387,1388,0,0,0,0,8
1388,1389,0,0,0,1,4
1389,1390,0,0,0,0,2
1390,1391,0,0,0,0,0
1391,1392,0,0,0,0,0
1392,1393,0,0,0,0,4
1393,1394,0,0,1,4,2
1394,1395,0,0,0,0,6
1395,1396,0,0,0,0,3
1396,1397,0,0,0,0,1
1397,1398,0,0,0,0,1
1398,1399,0,0,0,0,1
1399,1400,0,0,0,0,3
1400,1401,0,0,0,1,17
1401,1402,0,0,0,3,32
1402,1403,0,0,2,10,98
1403,1404,0,0,3,29,73
1404,1405,0,0,1,1,103
1405,1406,0,0,0,5,88
1406,1407,0,0,0,16,89
1407,1408,0,0,0,0,241
1408,1409,0,1,7,81,152
1409,1410,0,1,4,33,334
1410,1411,0,1,2,34,203
1411,1412,0,0,0,4,315
1412,1413,0,1,2,40,274
1413,1414,0,0,2,71,250
1414,1415,0,0,1,14,248
1415,1416,0,0,0,6,146
1416,1417,0,0,0,0,141
1417,1418,0,0,1,11,61
1418,1419,0,0,0,2,32
1419,1420,0,0,0,1,15
1420,1421,0,0,0,1,10
1421,1422,0,0,0,0,28
1422,1423,0,0,0,12,33
1423,1424,0,0,0,9,45
1424,1425,0,0,0,9,29
1425,1426,0,0,1,3,15
1426,1427,0,0,0,1,3
1427,1428,0,0,0,0,2
1428,1429,0,0,0,0,1
1429,1430,0,0,0,0,1
1430,1431,0,0,0,0,0
1431,1432,0,0,0,0,0
1432,1433,0,0,0,0,0
1433,1434,0,0,0,0,2
1434,1435,0,0,0,1,1
1435,1436,0,0,0,0,0
1436,1437,0,0,0,0,0
1437,1438,0,0,0,0,0
1438,1439,0,0,0,0,1
1439,1440,0,0,0,0,1
1440,1441,0,0,0,0,4
1441,1442,0,0,0,3,3
1442,1443,0,0,0,3,4
1443,1444,0,0,0,0,4
1444,1445,0,0,0,0,1
1445,1446,0,0,0,0,0
1446,1447,0,0,0,0,0
1447,1448,0,0,0,0,4
1448,1449,0,0,0,0,4
1449,1450,0,0,0,0,4
1450,1451,0,0,0,0,0
1451,1452,0,0,0,0,0
1452,1453,0,0,0,0,0
1453,1454,0,0,0,0,1
1454,1455,0,0,0,1,5
1455,1456,0,0,0,0,15
1456,1457,0,0,0,6,20
1457,1458,0,0,0,0,117
1458,1459,0,0,0,35,79
1459,1460,0,0,1,5,110
1460,1461,0,0,0,8,30
1461,1462,0,0,0,2,40
1462,1463,0,0,1,10,153
1463,1464,0,1,3,46,178
1464,1465,0,2,2,22,387
1465,1466,0,7,12,115,233
1466,1467,0,0,3,22,393
1467,1468,0,4,6,90,238
1468,1469,0,1,3,29,253
1469,1470,0,0,0,2,188
1470,1471,0,1,2,36,87
1471,1472,0,3,3,38,77
1472,1473,0,0,0,8,60
1473,1474,0,0,0,4,26
1474,1475,0,0,0,0,16
1475,1476,0,0,0,3,10
1476,1477,0,0,0,3,26
1477,1478,0,1,1,7,46
1478,1479,0,0,0,12,50
1479,1480,0,0,0,5,41
1480,1481,0,0,0,0,18
1481,1482,0,0,0,0,4
1482,1483,0,0,0,0,1
1483,1484,0,0,0,0,0
1484,1485,0,0,0,0,0
1485,1486,0,0,0,0,0
1486,1487,0,0,0,0,0
1487,1488,0,0,0,0,0
1488,1489,0,0,0,0,2
1489,1490,0,0,0,1,1
1490,1491,0,0,0,0,0
1491,1492,0,0,0,0,1
1492,1493,0,0,0,0,1
1493,1494,0,0,0,0,1
1494,1495,0,0,0,0,0
1495,1496,0,0,0,0,0
1496,1497,0,0,0,0,4
1497,1498,0,0,0,0,7
1498,1499,0,0,0,0,7
1499,1500,0,0,0,0,3
1500,1501,0,0,0,0,0
1501,1502,0,0,0,0,0
1502,1503,0,0,0,0,2
1503,1504,0,0,0,0,10
1504,1505,0,0,0,0,10
1505,1506,0,0,0,0,8
1506,1507,0,0,0,0,0
1507,1508,0,0,0,0,0
1508,1509,0,0,0,0,0
1509,1510,0,0,0,0,5
1510,1511,0,0,0,0,11
1511,1512,0,0,0,4,28
1512,1513,0,0,0,0,34
1513,1514,0,0,0,2,128
1514,1515,0,1,4,32,86
1515,1516,0,0,0,0,126
1516,1517,0,0,0,0,28
1517,1518,0,0,0,1,29
1518,1519,0,0,0,0,83
1519,1520,0,0,1,7,125
1520,1521,0,0,3,25,377
1521,1522,0,0,4,46,383
1522,1523,0,5,7,47,552
1523,1524,0,0,2,17,391
1524,1525,0,0,2,8,345
1525,1526,0,0,0,11,226
1526,1527,0,0,0,13,177
1527,1528,0,0,0,3,172
1528,1529,0,0,0,0,86
1529,1530,0,0,0,2,45
1530,1531,0,0,0,2,24
1531,1532,0,0,0,1,12
1532,1533,0,0,0,2,15
1533,1534,0,0,0,0,33
1534,1535,0,0,0,8,26
1535,1536,0,0,0,0,26
1536,1537,0,0,0,0,7
1537,1538,0,0,0,0,1
1538,1539,0,0,0,0,2
1539,1540,0,0,0,0,1
1540,1541,0,0,0,0,1
1541,1542,0,0,0,0,0
1542,1543,0,0,0,0,0
1543,1544,0,0,0,0,0
1544,1545,0,0,0,0,1
1545,1546,0,0,0,0,1
1546,1547,0,0,0,0,0
1547,1548,0,0,0,0,2
1548,1549,0,0,0,1,1
1549,1550,0,0,0,0,2
1550,1551,0,0,0,0,0
1551,1552,0,0,0,0,2
1552,1553,0,0,0,0,3
1553,1554,0,0,0,1,2
1554,1555,0,0,0,0,2
1555,1556,0,0,0,0,1
1556,1557,0,0,0,0,1
1557,1558,0,0,0,0,5
1558,1559,0,0,0,0,7
1559,1560,0,0,1,2,17
1560,1561,0,0,2,8,6
1561,1562,0,0,0,0,12
1562,1563,0,0,0,0,0
1563,1564,0,0,0,0,0
1564,1565,0,0,0,0,0
1565,1566,0,0,0,0,12
1566,1567,0,0,0,4,15
1567,1568,0,0,0,2,40
1568,1569,0,0,2,15,23
1569,1570,0,1,1,5,116
1570,1571,0,0,0,35,84
1571,1572,0,0,0,4,141
1572,1573,0,0,0,7,57
1573,1574,0,0,1,1,45
1574,1575,0,0,0,1,39
1575,1576,0,0,3,15,51
1576,1577,0,0,1,6,263
1577,1578,0,1,5,120,220
1578,1579,0,1,2,26,439
1579,1580,0,0,6,116,234
1580,1581,0,2,4,53,262
1581,1582,0,1,4,27,241
1582,1583,0,0,0,58,132
1583,1584,0,0,0,2,226
1584,1585,0,0,0,17,124
1585,1586,0,0,1,12,128
1586,1587,0,0,0,2,38
1587,1588,0,0,0,0,16
1588,1589,0,0,0,0,7
1589,1590,0,1,1,1,12
1590,1591,0,0,0,0,13
1591,1592,0,0,0,1,9
1592,1593,0,0,0,0,3
1593,1594,0,0,0,1,0
1594,1595,0,0,0,0,2
1595,1596,0,0,0,1,0
1596,1597,0,0,0,0,1
1597,1598,0,0,0,0,0
1598,1599,0,0,0,0,0
1599,1600,0,0,0,0,0
1600,1601,0,0,0,0,0
1601,1602,0,0,0,0,1
1602,1603,0,0,0,0,0
1603,1604,0,0,0,0,0
1604,1605,0,0,0,0,0
1605,1606,0,0,0,0,0
1606,1607,0,0,0,0,2
1607,1608,0,0,0,1,1
1608,1609,0,0,0,0,2
1609,1610,0,0,0,0,0
1610,1611,0,0,0,0,2
1611,1612,0,0,0,2,1
1612,1613,0,0,0,0,3
1613,1614,0,0,0,0,2
1614,1615,0,0,0,1,0
1615,1616,0,0,0,0,1
1616,1617,0,0,0,0,17
1617,1618,0,0,0,5,17
1618,1619,0,0,0,0,34
1619,1620,0,0,0,4,13
1620,1621,0,0,0,0,12
1621,1622,0,0,0,0,0
1622,1623,0,0,0,0,0
1623,1624,0,0,0,0,0
1624,1625,0,0,0,0,13
1625,1626,0,0,0,8,25
1626,1627,0,1,1,1,59
1627,1628,0,0,0,8,47
1628,1629,0,0,0,1,92
1629,1630,0,0,1,23,64
1630,1631,0,0,1,17,119
1631,1632,0,2,3,27,68
1632,1633,0,0,0,7,71
1633,1634,0,1,1,2,41
1634,1635,0,1,1,6,32
1635,1636,0,0,0,4,191
1636,1637,0,0,6,40,200
1637,1638,0,0,2,26,389
1638,1639,0,0,2,27,340
1639,1640,0,0,1,30,354
1640,1641,0,2,3,26,279
1641,1642,0,0,1,42,199
1642,1643,0,0,1,8,299
1643,1644,0,6,11,85,140
1644,1645,0,0,0,12,176
1645,1646,0,0,0,8,31
1646,1647,0,0,0,1,13
1647,1648,0,0,0,0,5
1648,1649,0,0,0,2,2
1649,1650,0,0,0,0,5
1650,1651,0,0,0,1,2
1651,1652,0,0,0,0,4
1652,1653,0,0,0,0,2
1653,1654,0,0,0,0,2
1654,1655,0,0,0,0,1
1655,1656,0,0,0,0,1
1656,1657,0,0,0,0,0
1657,1658,0,0,0,0,1
1658,1659,0,0,0,0,1
1659,1660,0,0,0,0,8
1660,1661,0,0,0,0,8
1661,1662,0,0,0,1,7
1662,1663,0,0,0,0,0
1663,1664,0,0,0,0,0
1664,1665,0,0,0,0,0
1665,1666,0,0,0,0,0
1666,1667,0,0,0,0,0
1667,1668,0,0,0,0,0
1668,1669,0,0,0,0,1
1669,1670,0,0,0,0,2
1670,1671,0,0,0,0,4
1671,1672,0,0,0,0,3
1672,1673,0,0,0,0,4
1673,1674,0,0,0,0,2
1674,1675,0,0,0,0,2
1675,1676,0,0,0,0,1
1676,1677,0,0,0,0,2
1677,1678,0,0,0,0,2
1678,1679,0,0,0,0,26
1679,1680,0,0,0,12,16
1680,1681,0,0,0,3,30
1681,1682,0,0,0,0,12
1682,1683,0,0,0,0,12
1683,1684,0,0,0,0,10
1684,1685,0,0,0,0,37
1685,1686,0,0,0,0,60
1686,1687,0,0,0,0,96
1687,1688,0,0,0,1,84
1688,1689,0,0,1,17,67
1689,1690,0,0,0,4,44
1690,1691,0,0,0,2,57
1691,1692,0,0,0,0,54
1692,1693,0,0,0,0,171
1693,1694,0,0,1,23,171
1694,1695,0,1,1,9,172
1695,1696,0,0,0,1,71
1696,1697,0,0,0,1,24
1697,1698,0,0,0,2,71
1698,1699,0,0,0,1,103
1699,1700,0,1,2,15,250
1700,1701,0,3,5,44,695
1701,1702,0,0,1,30,761
1702,1703,0,0,1,31,683
1703,1704,0,0,1,8,226
1704,1705,0,0,8,39,251
1705,1706,0,1,7,48,191
1706,1707,0,0,0,2,205
1707,1708,0,0,0,2,70
1708,1709,0,0,0,0,33
1709,1710,0,0,0,1,17
1710,1711,0,0,0,0,4
1711,1712,0,0,0,0,4
1712,1713,0,0,0,0,3
1713,1714,0,0,0,1,1
1714,1715,0,0,0,0,1
1715,1716,0,0,0,0,0
1716,1717,0,0,0,0,0
1717,1718,0,0,0,0,0
1718,1719,0,0,0,0,0
1719,1720,0,0,0,0,1
1720,1721,0,0,0,1,1
1721,1722,0,0,0,0,19
1722,1723,0,0,0,7,15
1723,1724,0,0,0,0,21
1724,1725,0,0,0,0,0
1725,1726,0,0,0,0,0
1726,1727,0,0,0,0,0
1727,1728,0,0,0,0,0
1728,1729,0,0,0,0,0
1729,1730,0,0,0,0,0
1730,1731,0,0,0,0,0
1731,1732,0,0,0,0,0
1732,1733,0,0,0,0,1
1733,1734,0,0,0,1,2
1734,1735,0,0,0,2,4
1735,1736,0,0,0,0,5
1736,1737,0,0,0,0,3
1737,1738,0,0,0,0,0
1738,1739,0,0,0,0,2
1739,1740,0,0,0,0,3
1740,1741,0,0,0,1,2
1741,1742,0,0,0,0,21
1742,1743,0,0,0,8,17
1743,1744,0,0,0,0,28
1744,1745,0,0,0,1,14
1745,1746,0,0,0,4,9
1746,1747,0,0,0,3,22
1747,1748,0,0,0,3,56
1748,1749,0,0,0,31,92
1749,1750,0,0,2,26,156
1750,1751,0,0,2,30,136
1751,1752,0,0,0,2,135
1752,1753,0,0,0,13,53
1753,1754,0,0,0,0,51
1754,1755,0,0,0,8,8
1755,1756,0,0,0,3,153
1756,1757,0,3,10,70,167
1757,1758,0,1,5,38,217
1758,1759,0,0,0,4,153
1759,1760,0,0,0,4,94
1760,1761,0,0,1,1,161
1761,1762,0,0,0,14,128
1762,1763,0,0,0,1,312
1763,1764,0,0,1,97,703
1764,1765,0,8,29,469,392
1765,1766,0,1,3,37,779
1766,1767,0,0,3,41,244
1767,1768,0,0,0,2,268
1768,1769,0,0,0,17,140
1769,1770,0,2,4,26,103
1770,1771,0,0,0,7,68
1771,1772,0,0,0,14,20
1772,1773,0,0,0,0,29
1773,1774,0,0,0,0,13
1774,1775,0,0,0,1,11
1775,1776,0,0,0,0,5
1776,1777,0,0,0,0,4
1777,1778,0,0,0,0,4
1778,1779,0,0,0,0,3
1779,1780,0,0,0,0,3
1780,1781,0,0,0,0,1
1781,1782,0,0,0,0,1
1782,1783,0,0,0,0,6
1783,1784,0,0,0,0,6
1784,1785,0,0,1,1,32
1785,1786,0,0,1,10,22
1786,1787,0,0,0,3,28
1787,1788,0,0,0,0,1
1788,1789,0,0,0,0,1
1789,1790,0,0,0,0,1
1790,1791,0,0,0,0,1
1791,1792,0,0,0,0,1
1792,1793,0,0,0,0,1
1793,1794,0,0,0,0,0
1794,1795,0,0,0,0,0
1795,1796,0,0,0,0,4
1796,1797,0,0,0,0,6
1797,1798,0,0,0,0,9
1798,1799,0,0,0,3,2
1799,1800,0,0,0,0,3
1800,1801,0,0,0,0,0
1801,1802,0,0,0,0,2
1802,1803,0,0,0,2,1
1803,1804,0,0,0,0,3
1804,1805,0,0,0,0,9
1805,1806,0,0,0,0,11
1806,1807,0,0,0,2,12
1807,1808,0,0,0,2,18
1808,1809,0,0,1,3,18
1809,1810,0,0,0,0,51
1810,1811,0,0,0,12,68
1811,1812,0,0,0,10,144
1812,1813,0,6,8,41,167
1813,1814,0,2,4,43,142
1814,1815,0,0,0,6,168
1815,1816,0,0,0,21,88
1816,1817,0,0,0,1,146
1817,1818,0,0,0,2,164
1818,1819,0,0,0,0,327
1819,1820,0,1,4,50,320
1820,1821,0,0,1,44,266
1821,1822,0,0,0,16,179
1822,1823,0,1,4,40,95
1823,1824,0,0,4,29,195
1824,1825,0,1,3,70,137
1825,1826,0,0,2,9,490
1826,1827,0,0,1,62,869
1827,1828,0,3,8,73,874
1828,1829,0,0,0,18,1002
1829,1830,0,2,9,109,411
1830,1831,0,0,0,0,492
1831,1832,0,1,1,6,140
1832,1833,0,2,4,17,94
1833,1834,0,0,0,4,87
1834,1835,0,0,0,3,31
1835,1836,0,0,1,3,34
1836,1837,0,0,0,8,14
1837,1838,0,0,0,0,23
1838,1839,0,0,0,3,7
1839,1840,0,0,0,0,9
1840,1841,0,0,0,0,15
1841,1842,0,0,1,3,11
1842,1843,0,0,0,0,11
1843,1844,0,0,0,0,2
1844,1845,0,0,0,1,0
1845,1846,0,0,0,0,5
1846,1847,0,0,4,4,1
1847,1848,0,0,0,0,26
1848,1849,0,0,0,10,17
1849,1850,0,0,0,1,25
1850,1851,0,0,0,0,5
1851,1852,0,0,0,0,0
1852,1853,0,0,0,0,2
1853,1854,0,0,0,1,1
1854,1855,0,0,0,0,3
1855,1856,0,0,0,0,2
1856,1857,0,0,0,1,1
1857,1858,0,0,0,0,1
1858,1859,0,0,0,0,0
1859,1860,0,0,0,0,0
1860,1861,0,0,0,0,3
1861,1862,0,0,0,3,0
1862,1863,0,0,0,0,6
1863,1864,0,0,0,0,3
1864,1865,0,0,0,0,4
1865,1866,0,0,0,0,1
1866,1867,0,0,0,0,3
1867,1868,0,0,0,0,2
1868,1869,0,0,0,0,2
1869,1870,0,0,0,0,0
1870,1871,0,0,0,0,3
1871,1872,0,0,0,1,14
1872,1873,0,0,0,0,25
1873,1874,0,0,0,7,21
1874,1875,0,0,0,1,50
1875,1876,0,0,0,18,42
1876,1877,0,0,0,2,110
1877,1878,0,0,0,11,136
1878,1879,0,0,0,14,135
1879,1880,0,0,2,12,142
1880,1881,0,0,0,33,77
1881,1882,0,0,3,21,125
1882,1883,0,0,1,48,124
1883,1884,0,2,6,83,185
1884,1885,0,1,5,63,220
1885,1886,0,0,0,19,211
1886,1887,0,0,0,6,174
1887,1888,0,1,2,24,128
1888,1889,0,0,0,11,215
1889,1890,0,2,3,31,189
1890,1891,0,3,6,41,494
1891,1892,0,1,10,174,344
1892,1893,0,0,0,5,480
1893,1894,0,0,4,12,526
1894,1895,0,3,24,256,248
1895,1896,0,1,7,45,451
1896,1897,0,0,1,16,103
1897,1898,0,1,1,17,56
1898,1899,0,0,0,1,54
1899,1900,0,0,1,2,22
1900,1901,0,0,0,0,28
1901,1902,0,1,1,7,20
1902,1903,0,0,0,3,24
1903,1904,0,0,0,1,11
1904,1905,0,0,0,2,7
1905,1906,0,0,0,3,19
1906,1907,0,0,2,7,14
1907,1908,0,1,1,1,17
1908,1909,0,0,0,0,5
1909,1910,0,0,0,0,5
1910,1911,0,0,0,0,9
1911,1912,0,0,0,0,6
1912,1913,0,0,0,0,16
1913,1914,0,0,0,1,13
1914,1915,0,0,0,1,13
1915,1916,0,0,0,0,3
1916,1917,0,0,0,0,1
1917,1918,0,0,0,0,1
1918,1919,0,0,0,0,1
1919,1920,0,0,0,0,3
1920,1921,0,0,0,1,3
1921,1922,0,0,0,0,7
1922,1923,0,0,0,1,5
1923,1924,0,0,0,0,4
1924,1925,0,0,0,0,1
1925,1926,0,0,0,0,0
1926,1927,0,0,0,0,0
1927,1928,0,0,0,0,3
1928,1929,0,0,0,0,3
1929,1930,0,0,0,0,3
1930,1931,0,0,0,0,0
1931,1932,0,0,0,0,1
1932,1933,0,0,0,1,0
1933,1934,0,0,0,0,1
1934,1935,0,0,0,0,0
1935,1936,0,0,0,0,0
1936,1937,0,0,0,0,6
1937,1938,0,0,0,0,8
1938,1939,0,0,0,0,21
1939,1940,0,0,1,10,15
1940,1941,0,0,0,0,34
1941,1942,0,1,1,5,40
1942,1943,0,0,0,5,46
1943,1944,0,0,0,7,50
1944,1945,0,0,0,6,57
1945,1946,0,0,3,13,49
1946,1947,0,0,1,3,94
1947,1948,0,0,0,9,83
1948,1949,0,0,0,4,143
1949,1950,0,0,1,7,181
1950,1951,0,0,0,6,238
1951,1952,0,0,2,9,205
1952,1953,0,0,1,9,147
1953,1954,0,0,0,14,125
1954,1955,0,0,0,8,125
1955,1956,0,0,0,4,174
1956,1957,0,0,0,9,166
1957,1958,0,1,3,16,453
1958,1959,0,1,10,123,298
1959,1960,0,1,1,15,360
1960,1961,0,0,0,3,359
1961,1962,0,1,3,47,371
1962,1963,0,1,2,14,433
1963,1964,0,0,0,3,152
1964,1965,0,0,0,1,84
1965,1966,0,0,0,8,52
1966,1967,0,0,0,2,41
1967,1968,0,0,0,1,47
1968,1969,0,1,1,2,36
1969,1970,0,0,0,3,33
1970,1971,0,0,0,0,16
1971,1972,0,0,0,0,11
1972,1973,0,0,0,0,29
1973,1974,0,0,0,7,20
1974,1975,0,0,0,0,23
1975,1976,0,0,0,0,4
1976,1977,0,0,0,3,3
1977,1978,0,0,0,1,7
1978,1979,0,0,0,0,6
1979,1980,0,0,0,1,3
1980,1981,0,0,0,0,4
1981,1982,0,0,0,0,6
1982,1983,0,0,0,1,5
1983,1984,0,0,0,0,4
1984,1985,0,0,0,0,1
1985,1986,0,0,0,1,0
1986,1987,0,0,0,0,2
1987,1988,0,0,0,0,3
1988,1989,0,0,0,2,4
1989,1990,0,0,0,2,3
1990,1991,0,0,0,0,4
1991,1992,0,0,0,0,1
1992,1993,0,0,0,0,1
1993,1994,0,0,0,0,0
1994,1995,0,0,0,0,0
1995,1996,0,0,0,0,0
1996,1997,0,0,0,0,0
1997,1998,0,0,0,0,0
1998,1999,0,0,0,0,1
1999,2000,0,0,0,0,1
2000,2001,0,0,0,0,1
2001,2002,0,0,0,0,1
2002,2003,0,0,0,0,2
2003,2004,0,0,0,0,14
2004,2005,0,1,1,6,10
2005,2006,0,0,0,1,27
2006,2007,0,0,0,3,16
2007,2008,0,0,0,3,28
2008,2009,0,0,0,5,21
2009,2010,0,0,0,1,36
2010,2011,0,0,0,7,62
2011,2012,0,0,0,0,81
2012,2013,0,0,1,3,67
2013,2014,0,0,0,0,51
2014,2015,0,0,2,10,28
2015,2016,0,0,0,0,69
2016,2017,0,0,3,15,36
2017,2018,0,0,0,4,64
2018,2019,0,0,0,9,104
2019,2020,0,0,0,12,135
2020,2021,0,0,0,15,157
2021,2022,0,0,2,32,87
2022,2023,0,0,0,19,111
2023,2024,0,0,0,40,68
2024,2025,0,0,0,4,240
2025,2026,0,0,0,31,187
2026,2027,0,0,0,12,183
2027,2028,0,0,0,0,96
2028,2029,0,1,1,12,105
2029,2030,0,0,0,29,131
2030,2031,0,0,1,25,82
2031,2032,0,0,1,5,70
2032,2033,0,0,1,9,44
2033,2034,0,0,1,15,44
2034,2035,0,0,0,5,64
2035,2036,0,3,3,14,48
2036,2037,0,0,0,3,62
2037,2038,0,0,0,3,37
2038,2039,0,0,0,1,25
2039,2040,0,0,0,1,32
2040,2041,0,0,0,8,23
2041,2042,0,0,0,0,29
2042,2043,0,0,0,0,8
2043,2044,0,0,0,0,26
2044,2045,0,0,0,2,46
2045,2046,0,0,0,2,48
2046,2047,0,0,0,0,39
2047,2048,0,0,0,0,18
2048,2049,0,0,1,1,16
2049,2050,0,0,0,2,10
2050,2051,0,0,0,1,8
2051,2052,0,0,0,0,3
2052,2053,0,0,0,0,1
2053,2054,0,0,0,0,1
2054,2055,0,0,0,0,2
2055,2056,0,0,0,0,4
2056,2057,0,0,0,0,4
2057,2058,0,0,0,0,3
2058,2059,0,0,1,1,0
2059,2060,0,0,0,0,1
2060,2061,0,0,0,0,1
2061,2062,0,0,0,0,1
2062,2063,0,0,0,0,1
2063,2064,0,0,0,0,0
2064,2065,0,0,0,0,0
2065,2066,0,0,0,0,0
2066,2067,0,0,0,0,0
2067,2068,0,0,0,0,0
2068,2069,0,0,0,0,1
2069,2070,0,0,0,1,1
2070,2071,0,0,0,1,13
2071,2072,0,0,1,6,11
2072,2073,0,0,0,2,19
2073,2074,0,0,0,0,13
2074,2075,0,0,0,0,19
2075,2076,0,0,0,5,12
2076,2077,0,2,2,2,18
2077,2078,0,0,0,0,51
2078,2079,0,0,3,41,20
2079,2080,0,0,2,4,50
2080,2081,0,0,0,0,32
2081,2082,0,0,0,9,18
2082,2083,0,0,0,3,57
2083,2084,0,0,1,12,42
2084,2085,0,0,0,0,77
2085,2086,0,0,1,6,115
2086,2087,0,0,2,58,92
2087,2088,0,1,1,15,159
2088,2089,0,1,1,9,115
2089,2090,0,0,0,3,125
2090,2091,0,0,1,6,78
2091,2092,0,0,0,7,90
2092,2093,0,0,0,8,57
2093,2094,0,0,0,2,53
2094,2095,0,0,0,1,30
2095,2096,0,0,0,4,50
2096,2097,0,0,0,7,92
2097,2098,0,0,1,19,74
2098,2099,0,0,0,4,67
2099,2100,0,0,0,1,56
2100,2101,0,0,0,8,61
2101,2102,0,1,1,10,82
2102,2103,0,0,0,12,64
2103,2104,0,0,0,12,67
2104,2105,0,0,3,16,50
2105,2106,0,0,0,2,55
2106,2107,0,0,3,3,52
2107,2108,0,0,1,11,36
2108,2109,0,0,0,1,43
2109,2110,0,0,0,2,22
2110,2111,0,0,0,2,29
2111,2112,0,0,1,16,37
2112,2113,0,1,1,22,37
2113,2114,0,0,0,6,39
2114,2115,0,0,1,8,15
2115,2116,0,0,0,2,17
2116,2117,0,0,0,3,13
2117,2118,0,0,0,2,10
2118,2119,0,0,0,0,7
2119,2120,0,0,0,0,0
2120,2121,0,0,0,0,0
2121,2122,0,0,0,0,0
2122,2123,0,0,0,0,1
2123,2124,0,0,0,0,2
2124,2125,0,0,0,0,2
2125,2126,0,0,0,0,1
2126,2127,0,0,0,0,2
2127,2128,0,0,0,1,1
2128,2129,0,0,0,0,2
2129,2130,0,0,0,0,1
2130,2131,0,0,0,0,1
2131,2132,0,0,0,0,1
2132,2133,0,0,0,0,0
2133,2134,0,0,0,0,0
2134,2135,0,0,0,0,2
2135,2136,0,0,0,0,4
2136,2137,0,0,0,0,12
2137,2138,0,0,0,0,15
2138,2139,0,0,0,1,20
2139,2140,0,0,0,2,15
2140,2141,0,0,0,1,38
2141,2142,0,0,0,0,40
2142,2143,0,0,0,0,41
2143,2144,0,0,0,0,56
2144,2145,0,0,0,0,58
2145,2146,0,0,2,6,55
2146,2147,0,0,0,0,32
2147,2148,0,0,0,0,32
2148,2149,0,0,1,5,52
2149,2150,0,0,3,6,50
2150,2151,0,0,1,9,80
2151,2152,0,3,4,16,121
2152,2153,0,0,0,7,154
2153,2154,0,0,1,12,156
2154,2155,0,0,1,14,87
2155,2156,0,0,0,5,71
2156,2157,0,0,0,0,32
2157,2158,0,0,0,0,28
2158,2159,0,0,0,1,18
2159,2160,0,0,0,0,13
2160,2161,0,0,0,0,13
2161,2162,0,0,0,0,19
2162,2163,0,0,0,1,44
2163,2164,0,0,0,2,55
2164,2165,0,0,0,1,61
2165,2166,0,0,0,5,61
2166,2167,0,0,0,9,55
2167,2168,0,0,2,7,88
2168,2169,0,2,2,12,75
2169,2170,0,0,0,1,94
2170,2171,0,0,0,6,95
2171,2172,0,0,2,22,76
2172,2173,0,0,1,3,156
2173,2174,0,1,1,4,131
2174,2175,0,0,1,16,127
2175,2176,0,0,1,2,57
2176,2177,0,0,0,1,71
2177,2178,0,0,0,6,70
2178,2179,0,0,0,2,82
2179,2180,0,0,2,3,54
2180,2181,0,0,0,2,29
2181,2182,0,0,0,1,21
2182,2183,0,0,0,0,17
2183,2184,0,0,3,4,9
2184,2185,0,0,0,0,9
2185,2186,0,0,0,0,2
2186,2187,0,0,0,0,0
2187,2188,0,0,0,0,1
2188,2189,0,0,0,1,0
2189,2190,0,0,0,0,1
2190,2191,0,0,0,0,0
2191,2192,0,0,0,0,2
2192,2193,0,0,1,1,1
2193,2194,0,0,0,0,4
2194,2195,0,0,0,0,3
2195,2196,0,0,0,1,2
2196,2197,0,0,0,0,1
2197,2198,0,0,0,0,1
2198,2199,0,0,0,0,2
2199,2200,0,0,0,0,4
2200,2201,0,0,0,1,3
2201,2202,0,0,0,1,6
2202,2203,0,0,0,2,13
2203,2204,0,0,0,2,25
2204,2205,0,0,1,6,32
2205,2206,0,0,0,3,55
2206,2207,0,0,2,22,34
2207,2208,0,0,0,7,46
2208,2209,0,0,0,5,57
2209,2210,0,0,0,1,70
2210,2211,0,0,0,1,66
2211,2212,0,0,0,8,26
2212,2213,0,0,0,4,20
2213,2214,0,0,0,3,37
2214,2215,0,0,1,15,33
2215,2216,0,1,1,3,74
2216,2217,0,0,0,22,57
2217,2218,0,0,1,16,74
2218,2219,0,0,0,9,90
2219,2220,0,0,1,28,62
2220,2221,0,0,0,6,68
2221,2222,0,0,0,5,21
2222,2223,0,0,0,0,11
2223,2224,0,0,0,1,2
2224,2225,0,0,0,0,6
2225,2226,0,0,0,0,11
2226,2227,0,0,0,6,8
2227,2228,0,0,0,0,27
2228,2229,0,0,0,6,94
2229,2230,0,0,2,17,96
2230,2231,0,0,0,7,116
2231,2232,0,0,0,14,45
2232,2233,0,0,0,3,76
2233,2234,0,1,2,20,58
2234,2235,0,0,0,10,74
2235,2236,0,0,0,6,91
2236,2237,0,0,0,26,64
2237,2238,0,0,1,14,188
2238,2239,0,1,5,74,116
2239,2240,0,0,0,9,226
2240,2241,0,1,1,24,82
2241,2242,0,0,0,2,99
2242,2243,0,0,3,17,58
2243,2244,0,0,0,8,92
2244,2245,0,1,1,4,81
2245,2246,0,0,0,2,54
2246,2247,0,0,0,3,25
2247,2248,0,0,0,1,15
2248,2249,0,0,0,1,10
2249,2250,0,0,0,2,8
2250,2251,0,0,0,0,4
2251,2252,0,0,0,0,1
2252,2253,0,0,0,0,1
2253,2254,0,0,0,0,3
2254,2255,0,0,0,2,1
2255,2256,0,0,0,0,6
2256,2257,0,0,0,0,8
2257,2258,0,0,0,0,9
2258,2259,0,0,0,1,6
2259,2260,0,0,0,1,5
2260,2261,0,0,0,1,4
2261,2262,0,0,0,0,9
2262,2263,0,0,0,2,23
2263,2264,0,0,0,7,43
2264,2265,0,0,0,5,83
2265,2266,0,0,0,11,99
2266,2267,0,0,2,8,167
2267,2268,0,1,1,4,164
2268,2269,0,1,1,7,184
2269,2270,0,0,4,38,92
2270,2271,0,0,1,13,89
2271,2272,0,0,0,0,45
2272,2273,0,0,1,2,18
2273,2274,0,0,0,2,31
2274,2275,0,0,0,3,34
2275,2276,0,0,0,2,57
2276,2277,0,0,0,1,62
2277,2278,0,0,0,3,63
2278,2279,0,0,0,4,70
2279,2280,0,0,0,6,56
2280,2281,0,0,0,6,53
2281,2282,0,1,1,4,20
2282,2283,0,0,0,0,12
2283,2284,0,0,0,0,4
2284,2285,0,0,0,1,6
2285,2286,0,0,0,3,14
2286,2287,0,0,0,1,17
2287,2288,0,0,0,3,29
2288,2289,0,0,0,8,217
2289,2290,0,3,5,62,204
2290,2291,0,0,0,5,267
2291,2292,0,0,0,3,76
2292,2293,0,0,0,6,56
2293,2294,0,0,0,5,63
2294,2295,0,0,2,14,62
2295,2296,0,0,0,10,79
2296,2297,0,0,0,2,95
2297,2298,0,0,0,1,271
2298,2299,0,4,5,56,201
2299,2300,0,0,1,13,270
2300,2301,0,0,1,37,58
2301,2302,0,0,0,2,112
2302,2303,0,1,1,10,101
2303,2304,0,3,3,27,116
2304,2305,0,1,2,23,108
2305,2306,0,0,0,14,66
2306,2307,0,0,0,4,43
2307,2308,0,0,0,1,24
2308,2309,0,0,0,1,21
2309,2310,0,0,1,1,17
2310,2311,0,0,0,1,6
2311,2312,0,0,0,0,2
2312,2313,0,0,0,0,2
2313,2314,0,0,0,0,5
2314,2315,0,0,0,3,4
2315,2316,0,0,0,4,5
2316,2317,0,0,0,1,10
2317,2318,0,0,0,0,9
2318,2319,0,0,0,1,10
2319,2320,0,0,0,0,12
2320,2321,0,0,0,1,39
2321,2322,0,0,0,10,53
2322,2323,0,1,1,15,96
2323,2324,0,0,0,29,78
2324,2325,0,0,0,11,198
2325,2326,0,2,6,80,112
2326,2327,0,0,1,24,210
2327,2328,0,0,0,25,112
2328,2329,0,1,1,16,85
2329,2330,0,0,0,0,37
2330,2331,0,0,0,1,6
2331,2332,0,0,0,0,13
2332,2333,0,0,0,3,14
2333,2334,0,0,0,6,23
2334,2335,0,0,0,4,29
2335,2336,0,0,0,6,25
2336,2337,0,0,0,1,23
2337,2338,0,0,0,1,21
2338,2339,0,0,0,1,21
2339,2340,0,0,0,2,14
2340,2341,0,0,0,0,8
2341,2342,0,0,0,0,9
2342,2343,0,0,0,2,11
2343,2344,0,0,0,0,17
2344,2345,0,0,0,4,10
2345,2346,0,0,1,1,27
2346,2347,0,0,0,3,233
2347,2348,0,3,5,125,175
2348,2349,0,0,0,33,275
2349,2350,0,0,0,6,108
2350,2351,0,0,0,2,52
2351,2352,0,0,0,3,46
2352,2353,0,0,0,5,39
2353,2354,0,0,0,3,50
2354,2355,0,0,0,13,67
2355,2356,0,1,4,22,198
2356,2357,0,0,5,64,161
2357,2358,0,0,0,4,211
2358,2359,0,0,1,2,64
2359,2360,0,0,0,2,74
2360,2361,0,0,0,18,79
2361,2362,0,1,3,25,108
2362,2363,0,0,1,11,132
2363,2364,0,0,1,17,73
2364,2365,0,0,0,2,52
2365,2366,0,0,0,3,21
2366,2367,0,0,0,9,12
2367,2368,0,0,0,3,14
2368,2369,0,0,0,0,5
2369,2370,0,0,0,0,1
2370,2371,0,0,0,0,0
2371,2372,0,0,0,0,3
2372,2373,0,0,0,0,7
2373,2374,0,0,0,0,8
2374,2375,0,0,0,0,9
2375,2376,0,0,0,4,18
2376,2377,0,0,0,0,45
2377,2378,0,1,1,4,59
2378,2379,0,0,0,3,71
2379,2380,0,0,1,13,84
2380,2381,0,0,1,7,139
2381,2382,0,1,1,14,145
2382,2383,0,0,1,7,256
2383,2384,0,0,5,45,179
2384,2385,0,0,0,6,213
2385,2386,0,0,0,5,82
2386,2387,0,0,0,3,55
2387,2388,0,0,0,1,23
2388,2389,0,0,0,1,5
2389,2390,0,0,0,0,12
2390,2391,0,0,0,1,19
2391,2392,0,0,0,0,33
2392,2393,0,0,1,9,23
2393,2394,0,0,0,2,22
2394,2395,0,0,0,1,11
2395,2396,0,0,0,0,7
2396,2397,0,0,0,2,5
2397,2398,0,0,0,0,6
2398,2399,0,0,0,1,10
2399,2400,0,0,1,1,16
2400,2401,0,0,1,4,16
2401,2402,0,0,0,2,31
2402,2403,0,0,0,0,26
2403,2404,0,0,0,0,49
2404,2405,0,0,0,8,197
2405,2406,0,0,0,26,246
2406,2407,0,0,0,30,271
2407,2408,0,0,0,18,129
2408,2409,0,1,1,11,74
2409,2410,0,0,0,0,37
2410,2411,0,0,1,3,15
2411,2412,0,0,0,1,66
2412,2413,0,0,0,2,115
2413,2414,0,0,0,26,217
2414,2415,0,1,1,34,168
2415,2416,0,0,0,5,143
2416,2417,0,0,0,0,21
2417,2418,0,0,0,1,34
2418,2419,0,0,0,4,77
2419,2420,0,0,0,8,94
2420,2421,0,0,1,7,103
2421,2422,0,0,0,11,52
2422,2423,0,0,0,1,44
2423,2424,0,0,0,1,20
2424,2425,0,0,0,2,21
2425,2426,0,0,0,0,23
2426,2427,0,0,0,0,13
2427,2428,0,0,0,0,9
2428,2429,0,0,0,0,0
2429,2430,0,0,0,0,0
2430,2431,0,0,0,0,7
2431,2432,0,0,0,0,11
2432,2433,0,0,0,0,60
2433,2434,0,0,0,16,62
2434,2435,0,0,3,20,76
2435,2436,0,0,0,18,47
2436,2437,0,0,0,5,72
2437,2438,0,1,7,25,89
2438,2439,0,1,3,28,109
2439,2440,0,0,1,23,162
2440,2441,0,1,1,26,109
2441,2442,0,0,0,2,105
2442,2443,0,0,0,6,20
2443,2444,0,0,0,0,20
2444,2445,0,0,0,2,7
2445,2446,0,0,0,0,6
2446,2447,0,0,0,1,17
2447,2448,0,0,0,5,17
2448,2449,0,0,0,4,48
2449,2450,0,0,0,1,73
2450,2451,0,0,0,0,69
2451,2452,0,0,0,0,40
2452,2453,0,0,0,1,4
2453,2454,0,0,0,0,10
2454,2455,0,0,0,0,11
2455,2456,0,0,0,0,22
2456,2457,0,0,0,7,17
2457,2458,0,0,0,2,23
2458,2459,0,0,0,2,30
2459,2460,0,1,1,17,8
2460,2461,0,0,0,0,47
2461,2462,0,1,1,16,63
2462,2463,0,2,2,26,87
2463,2464,0,0,0,5,132
2464,2465,0,0,0,32,76
2465,2466,0,0,0,10,68
2466,2467,0,0,0,3,28
2467,2468,0,0,0,0,9
2468,2469,0,0,0,0,77
2469,2470,0,0,0,40,77
2470,2471,0,0,2,10,185
2471,2472,0,0,1,32,107
2472,2473,0,0,0,5,129
2473,2474,0,0,0,2,74
2474,2475,0,0,0,0,78
2475,2476,0,0,2,6,67
2476,2477,0,0,0,17,52
2477,2478,0,0,2,6,65
2478,2479,0,0,0,8,31
2479,2480,0,0,0,0,26
2480,2481,0,0,0,2,8
2481,2482,0,0,0,1,10
2482,2483,0,0,0,2,13
2483,2484,0,0,0,6,9
2484,2485,0,0,0,2,15
2485,2486,0,0,0,1,8
2486,2487,0,0,0,0,7
2487,2488,0,0,0,7,5
2488,2489,0,0,0,0,61
2489,2490,0,2,4,33,44
2490,2491,0,0,0,1,90
2491,2492,0,0,0,1,46
2492,2493,0,0,0,0,54
2493,2494,0,0,0,5,103
2494,2495,0,0,2,17,133
2495,2496,0,0,0,11,164
2496,2497,0,0,0,14,96
2497,2498,0,0,0,1,73
2498,2499,0,0,0,2,18
2499,2500,0,0,0,1,13
2500,2501,0,0,0,0,4
2501,2502,0,0,0,1,3
2502,2503,0,0,0,0,20
2503,2504,0,0,0,9,16
2504,2505,0,0,0,2,46
2505,2506,0,0,2,21,45
2506,2507,0,0,0,35,25
2507,2508,0,0,0,0,38
2508,2509,0,0,0,1,1
2509,2510,0,0,0,0,9
2510,2511,0,0,0,6,3
2511,2512,0,0,0,2,21
2512,2513,0,1,1,5,19
2513,2514,0,0,0,2,25
2514,2515,0,0,0,0,44
2515,2516,0,0,0,3,37
2516,2517,0,0,0,1,52
2517,2518,0,0,0,2,46
2518,2519,0,0,0,0,49
2519,2520,0,0,0,0,63
2520,2521,0,0,0,0,49
2521,2522,0,0,0,2,47
2522,2523,0,0,0,2,15
2523,2524,0,0,0,0,5
2524,2525,0,0,0,0,81
2525,2526,0,1,1,31,71
2526,2527,0,0,0,7,143
2527,2528,0,0,0,13,74
2528,2529,0,0,1,7,116
2529,2530,0,0,0,36,65
2530,2531,0,1,1,20,88
2531,2532,0,0,0,9,73
2532,2533,0,0,0,8,61
2533,2534,0,0,0,4,50
2534,2535,0,0,0,2,23
2535,2536,0,0,0,0,15
2536,2537,0,0,0,1,7
2537,2538,0,0,0,2,6
2538,2539,0,0,0,0,15
2539,2540,0,0,0,2,17
2540,2541,0,0,0,3,18
2541,2542,0,0,0,3,8
2542,2543,0,0,0,0,4
2543,2544,0,0,0,0,15
2544,2545,0,0,0,0,23
2545,2546,0,0,0,5,54
2546,2547,0,0,0,0,47
2547,2548,0,0,1,2,38
2548,2549,0,0,0,0,6
2549,2550,0,0,0,0,8
2550,2551,0,0,0,0,75
2551,2552,0,1,2,28,69
2552,2553,0,0,0,13,175
2553,2554,0,0,1,15,113
2554,2555,0,0,0,5,116
2555,2556,0,0,0,3,29
2556,2557,0,0,0,0,29
2557,2558,0,0,0,0,13
2558,2559,0,0,0,0,6
2559,2560,0,0,0,0,14
2560,2561,0,0,0,4,11
2561,2562,0,0,0,0,38
2562,2563,0,0,0,2,59
2563,2564,0,0,0,1,58
2564,2565,0,0,0,0,41
2565,2566,0,0,0,0,9
2566,2567,0,0,0,0,16
2567,2568,0,0,0,1,13
2568,2569,0,0,0,0,25
2569,2570,0,0,0,2,32
2570,2571,0,0,1,4,34
2571,2572,0,0,0,3,40
2572,2573,0,2,3,11,21
2573,2574,0,0,0,3,25
2574,2575,0,0,0,0,8
2575,2576,0,0,0,0,3
2576,2577,0,0,0,0,1
2577,2578,0,0,0,0,3
2578,2579,0,0,0,0,5
2579,2580,0,0,0,0,5
2580,2581,0,0,0,0,4
2581,2582,0,0,0,0,46
2582,2583,0,0,0,10,46
2583,2584,0,0,0,4,71
2584,2585,0,0,2,3,51
2585,2586,0,0,0,6,121
2586,2587,0,1,1,19,115
2587,2588,0,0,0,6,130
2588,2589,0,0,0,10,84
2589,2590,0,0,0,6,70
2590,2591,0,0,1,3,50
2591,2592,0,0,0,0,14
2592,2593,0,0,0,2,4
2593,2594,0,0,0,0,7
2594,2595,0,0,0,0,4
2595,2596,0,0,0,0,7
2596,2597,0,0,0,2,7
2597,2598,0,0,0,2,10
2598,2599,0,0,0,0,8
2599,2600,0,0,0,0,5
2600,2601,0,0,0,0,2
2601,2602,0,0,0,0,8
2602,2603,0,0,0,8,8
2603,2604,0,0,0,3,16
2604,2605,0,0,0,3,10
2605,2606,0,0,0,0,6
2606,2607,0,0,0,0,5
2607,2608,0,1,1,2,3
2608,2609,0,0,0,0,70
2609,2610,0,0,0,23,60
2610,2611,0,0,0,0,163
2611,2612,0,0,3,67,38
2612,2613,0,0,0,2,109
2613,2614,0,0,1,12,34
2614,2615,0,0,0,6,37
2615,2616,0,0,1,5,18
2616,2617,0,0,0,0,6
2617,2618,0,0,0,0,5
2618,2619,0,0,0,0,4
2619,2620,0,0,0,0,6
2620,2621,0,0,0,0,3
2621,2622,0,0,0,0,3
2622,2623,0,0,0,0,5
2623,2624,0,0,0,4,5
2624,2625,0,0,2,4,7
2625,2626,0,0,0,0,9
2626,2627,0,0,0,1,18
2627,2628,0,0,0,8,25
2628,2629,0,0,0,10,33
2629,2630,0,0,0,4,57
2630,2631,0,0,0,6,49
2631,2632,0,0,0,1,47
2632,2633,0,0,0,1,14
2633,2634,0,0,0,0,5
2634,2635,0,0,0,0,1
2635,2636,0,0,0,1,0
2636,2637,0,0,0,0,2
2637,2638,0,0,0,0,4
2638,2639,0,0,0,1,17
2639,2640,0,0,0,1,29
2640,2641,0,0,0,3,28
2641,2642,0,0,0,0,24
2642,2643,0,0,0,4,43
2643,2644,0,0,0,10,107
2644,2645,0,2,5,29,88
2645,2646,0,0,0,1,101
2646,2647,0,0,0,6,62
2647,2648,0,1,2,28,55
2648,2649,0,0,0,2,94
2649,2650,0,0,0,0,61
2650,2651,0,0,0,1,42
2651,2652,0,0,0,0,10
2652,2653,0,1,1,1,4
2653,2654,0,0,0,0,3
2654,2655,0,0,0,0,6
2655,2656,0,0,0,0,6
2656,2657,0,0,0,0,4
2657,2658,0,0,0,0,2
2658,2659,0,0,1,2,0
2659,2660,0,0,0,0,11
2660,2661,0,0,0,0,14
2661,2662,0,0,0,0,6
2662,2663,0,0,0,0,5
2663,2664,0,0,0,1,3
2664,2665,0,0,0,0,6
2665,2666,0,0,0,2,44
2666,2667,0,1,1,15,39
2667,2668,0,0,0,2,121
2668,2669,0,0,0,0,84
2669,2670,0,0,0,1,94
2670,2671,0,0,0,6,39
2671,2672,0,0,1,11,36
2672,2673,0,0,0,0,27
2673,2674,0,0,0,1,5
2674,2675,0,0,0,0,1
2675,2676,0,0,0,0,0
2676,2677,0,0,0,0,1
2677,2678,0,0,0,0,1
2678,2679,0,0,0,0,1
2679,2680,0,0,0,0,4
2680,2681,0,0,0,0,9
2681,2682,0,0,0,1,9
2682,2683,0,0,0,1,7
2683,2684,0,0,0,1,22
2684,2685,0,1,1,5,36
2685,2686,0,0,0,2,47
2686,2687,0,0,0,5,54
2687,2688,0,0,2,16,32
2688,2689,0,0,0,6,37
2689,2690,0,0,1,4,9
2690,2691,0,0,0,0,5
2691,2692,0,0,0,0,1
2692,2693,0,0,0,0,1
2693,2694,0,0,0,0,2
2694,2695,0,0,0,1,3
2695,2696,0,0,0,2,19
2696,2697,0,0,0,13,13
2697,2698,0,0,0,0,27
2698,2699,0,0,0,0,29
2699,2700,0,0,0,0,62
2700,2701,0,0,0,20,107
2701,2702,0,4,6,26,83
2702,2703,0,0,0,0,85
2703,2704,0,0,0,5,64
2704,2705,0,0,0,6,119
2705,2706,0,1,1,17,150
2706,2707,0,1,2,34,83
2707,2708,0,0,0,2,62
2708,2709,0,0,0,4,4
2709,2710,0,0,0,0,5
2710,2711,0,0,0,0,1
2711,2712,0,0,0,0,2
2712,2713,0,0,0,2,0
2713,2714,0,0,0,0,2
2714,2715,0,0,0,0,2
2715,2716,0,0,0,0,2
2716,2717,0,0,0,0,2
2717,2718,0,0,0,0,0
2718,2719,0,0,0,0,2
2719,2720,0,0,0,1,1
2720,2721,0,0,0,0,4
2721,2722,0,0,0,0,21
2722,2723,0,0,0,4,27
2723,2724,0,0,0,8,31
2724,2725,0,1,1,4,20
2725,2726,0,0,0,0,25
2726,2727,0,0,0,3,28
2727,2728,0,0,4,4,23
2728,2729,0,0,0,0,24
2729,2730,0,0,0,0,8
2730,2731,0,0,0,0,8
2731,2732,0,0,0,0,0
2732,2733,0,0,0,0,1
2733,2734,0,0,0,1,0
2734,2735,0,0,0,0,1
2735,2736,0,0,0,0,0
2736,2737,0,0,0,0,1
2737,2738,0,0,0,0,2
2738,2739,0,0,0,0,5
2739,2740,0,0,0,0,19
2740,2741,0,0,0,7,23
2741,2742,0,0,0,7,58
2742,2743,0,0,0,1,77
2743,2744,0,0,0,8,65
2744,2745,0,0,0,1,38
2745,2746,0,0,0,0,11
2746,2747,0,0,0,0,4
2747,2748,0,0,0,0,0
2748,2749,0,0,0,0,0
2749,2750,0,0,0,0,1
2750,2751,0,0,0,0,3
2751,2752,0,0,0,0,28
2752,2753,0,1,1,3,30
2753,2754,0,0,0,3,39
2754,2755,0,0,1,4,31
2755,2756,0,0,0,15,43
2756,2757,0,0,0,9,80
2757,2758,0,0,0,14,58
2758,2759,0,0,0,0,53
2759,2760,0,0,1,4,56
2760,2761,0,1,1,19,102
2761,2762,0,1,5,38,130
2762,2763,0,2,5,23,98
2763,2764,0,0,0,0,63
2764,2765,0,0,0,0,11
2765,2766,0,0,0,0,10
2766,2767,0,0,0,0,9
2767,2768,0,0,0,0,6
2768,2769,0,0,0,0,5
2769,2770,0,0,0,0,2
2770,2771,0,0,0,0,0
2771,2772,0,0,0,0,0
2772,2773,0,0,0,0,0
2773,2774,0,0,0,0,0
2774,2775,0,0,0,0,1
2775,2776,0,0,0,0,1
2776,2777,0,0,0,0,1
2777,2778,0,0,0,0,4
2778,2779,0,0,0,0,13
2779,2780,0,0,0,0,46
2780,2781,0,0,0,6,49
2781,2782,0,0,2,3,49
2782,2783,0,0,0,2,23
2783,2784,0,0,0,1,11
2784,2785,0,0,0,0,15
2785,2786,0,2,2,7,2
2786,2787,0,0,0,0,9
2787,2788,0,0,0,0,0
2788,2789,0,0,0,0,1
2789,2790,0,0,0,0,1
2790,2791,0,0,0,0,1
2791,2792,0,0,0,0,0
2792,2793,0,0,0,0,0
2793,2794,0,0,0,0,5
2794,2795,0,0,0,0,9
2795,2796,0,0,0,2,17
2796,2797,0,0,0,3,43
2797,2798,0,0,0,3,73
2798,2799,0,0,0,32,48
2799,2800,0,0,0,4,45
2800,2801,0,0,0,0,15
2801,2802,0,0,0,0,1
2802,2803,0,0,0,0,0
2803,2804,0,0,0,0,0
2804,2805,0,0,0,0,0
2805,2806,0,0,0,0,1
2806,2807,0,0,0,0,1
2807,2808,0,0,0,0,15
2808,2809,0,0,0,9,45
2809,2810,0,0,0,3,72
2810,2811,0,0,0,7,83
2811,2812,0,1,1,3,62
2812,2813,0,0,0,0,67
2813,2814,0,0,0,2,40
2814,2815,0,0,0,1,33
2815,2816,0,0,0,1,107
2816,2817,0,0,2,24,130
2817,2818,0,0,1,7,173
2818,2819,0,0,0,0,83
2819,2820,0,0,0,0,33
2820,2821,0,0,0,0,5
2821,2822,0,0,0,5,2
2822,2823,0,0,0,1,11
2823,2824,0,0,0,3,4
2824,2825,0,0,0,0,6
2825,2826,0,0,0,0,1
2826,2827,0,0,0,0,1
2827,2828,0,0,0,0,0
2828,2829,0,0,0,0,0
2829,2830,0,0,0,0,0
2830,2831,0,0,0,0,0
2831,2832,0,0,0,0,0
2832,2833,0,0,0,0,0
2833,2834,0,0,0,0,0
2834,2835,0,0,0,0,1
2835,2836,0,0,0,1,29
2836,2837,0,0,1,23,21
2837,2838,0,0,1,10,54
2838,2839,0,0,0,1,41
2839,2840,0,0,0,1,27
2840,2841,0,0,0,0,16
2841,2842,0,0,0,2,7
2842,2843,0,0,0,0,9
2843,2844,0,0,0,0,0
2844,2845,0,0,0,0,0
2845,2846,0,0,0,0,0
2846,2847,0,0,0,0,0
2847,2848,0,0,0,0,2
2848,2849,0,0,0,0,3
2849,2850,0,0,0,0,12
2850,2851,0,0,0,5,9
2851,2852,0,0,0,2,14
2852,2853,0,0,0,0,38
2853,2854,0,0,1,22,57
2854,2855,0,0,0,1,81
2855,2856,0,0,0,2,67
2856,2857,0,0,0,0,36
2857,2858,0,0,0,0,36
2858,2859,0,0,0,0,18
2859,2860,0,0,0,0,6
2860,2861,0,0,0,0,0
2861,2862,0,0,0,0,1
2862,2863,0,0,0,1,0
2863,2864,0,0,0,0,13
2864,2865,0,0,0,2,67
2865,2866,0,0,1,34,59
2866,2867,0,0,0,10,107
2867,2868,0,0,1,11,63
2868,2869,0,0,0,6,79
2869,2870,0,1,1,7,64
2870,2871,0,0,2,3,92
2871,2872,0,0,0,2,155
2872,2873,0,0,0,54,111
2873,2874,0,0,0,5,136
2874,2875,0,0,0,10,35
2875,2876,0,0,0,0,15
2876,2877,0,0,0,0,6
2877,2878,0,0,0,0,7
2878,2879,0,0,0,1,11
2879,2880,0,0,1,2,5
2880,2881,0,0,0,0,6
2881,2882,0,0,0,1,0
2882,2883,0,0,0,0,1
2883,2884,0,0,0,0,0
2884,2885,0,0,0,0,0
2885,2886,0,0,0,0,0
2886,2887,0,0,0,0,35
2887,2888,0,0,0,1,59
2888,2889,0,0,0,18,29
2889,2890,0,0,1,5,33
2890,2891,0,0,0,0,14
2891,2892,0,0,0,0,5
2892,2893,0,0,0,0,5
2893,2894,0,0,0,0,3
2894,2895,0,0,0,0,23
2895,2896,0,0,0,0,35
2896,2897,0,0,0,0,38
2897,2898,0,0,0,0,44
2898,2899,0,0,0,2,30
2899,2900,0,0,0,1,40
2900,2901,0,0,0,4,12
2901,2902,0,0,0,0,14
2902,2903,0,0,0,0,39
2903,2904,0,0,0,6,45
2904,2905,0,0,0,12,66
2905,2906,0,0,0,0,67
2906,2907,0,1,1,18,55
2907,2908,0,0,0,12,43
2908,2909,0,0,1,6,27
2909,2910,0,0,0,0,17
2910,2911,0,0,0,0,11
2911,2912,0,0,0,0,10
2912,2913,0,0,0,0,6
2913,2914,0,0,0,0,8
2914,2915,0,0,0,1,79
2915,2916,0,0,1,20,81
2916,2917,0,0,1,7,146
2917,2918,0,0,1,22,79
2918,2919,0,0,0,8,135
2919,2920,0,1,2,26,83
2920,2921,0,2,2,18,121
2921,2922,0,0,1,35,114
2922,2923,0,0,4,19,130
2923,2924,0,0,2,18,102
2924,2925,0,0,0,4,44
2925,2926,0,0,0,1,24
2926,2927,0,0,0,0,1
2927,2928,0,0,0,0,1
2928,2929,0,0,0,0,5
2929,2930,0,0,0,0,10
2930,2931,0,0,0,0,10
2931,2932,0,0,0,0,6
2932,2933,0,0,0,0,1
2933,2934,0,0,0,0,0
2934,2935,0,0,0,0,0
2935,2936,0,0,0,0,0
2936,2937,0,0,0,0,26
2937,2938,0,0,1,7,29
2938,2939,0,0,2,4,33
2939,2940,0,0,1,2,11
2940,2941,0,0,0,0,6
2941,2942,0,0,0,1,11
2942,2943,0,0,0,2,10
2943,2944,0,0,0,0,32
2944,2945,0,0,2,21,18
2945,2946,0,0,0,14,32
2946,2947,0,0,1,3,61
2947,2948,0,0,0,25,26
2948,2949,0,0,0,1,50
2949,2950,0,0,0,3,7
2950,2951,0,0,0,0,10
2951,2952,0,0,0,0,20
2952,2953,0,0,0,9,28
2953,2954,0,0,0,1,64
2954,2955,0,1,2,25,62
2955,2956,0,0,0,8,83
2956,2957,0,1,1,8,63
2957,2958,0,0,0,3,32
2958,2959,0,0,0,4,16
2959,2960,0,0,0,4,12
2960,2961,0,0,1,3,11
2961,2962,0,0,0,2,6
2962,2963,0,0,0,0,9
2963,2964,0,0,0,2,47
2964,2965,0,0,0,21,41
2965,2966,0,0,0,4,106
2966,2967,0,0,2,24,65
2967,2968,0,0,0,9,126
2968,2969,0,1,1,30,79
2969,2970,0,0,0,2,137
2970,2971,0,0,1,16,83
2971,2972,0,0,0,0,89
2972,2973,0,0,0,0,58
2973,2974,0,0,3,10,30
2974,2975,0,0,0,0,21
2975,2976,0,0,0,0,1
2976,2977,0,0,0,0,0
2977,2978,0,0,0,0,4
2978,2979,0,0,0,2,7
2979,2980,0,0,0,5,5
2980,2981,0,0,0,0,6
2981,2982,0,0,0,0,1
2982,2983,0,0,0,0,0
2983,2984,0,0,0,0,3
2984,2985,0,0,0,0,3
2985,2986,0,0,0,0,12
2986,2987,0,0,0,1,13
2987,2988,0,0,0,0,11
2988,2989,0,0,0,1,8
2989,2990,0,0,0,2,15
2990,2991,0,1,2,6,8
2991,2992,0,0,0,1,34
2992,2993,0,0,0,2,53
2993,2994,0,0,0,1,64
2994,2995,0,0,0,5,92
2995,2996,0,0,1,14,54
2996,2997,0,0,0,0,63
2997,2998,0,0,0,1,7
2998,2999,0,0,0,0,11
2999,3000,0,0,0,2,15
3000,3001,0,0,0,3,20
3001,3002,0,0,0,4,52
3002,3003,0,0,0,5,65
3003,3004,0,1,1,14,60
3004,3005,0,0,0,1,40
3005,3006,0,0,0,1,18
3006,3007,0,0,0,0,14
3007,3008,0,0,0,2,14
3008,3009,0,0,0,3,11
3009,3010,0,0,0,0,8
3010,3011,0,0,0,0,8
3011,3012,0,0,0,4,27
3012,3013,0,0,0,1,36
3013,3014,0,0,1,2,74
3014,3015,0,0,0,9,68
3015,3016,0,0,0,4,113
3016,3017,0,0,0,3,83
3017,3018,0,0,0,9,67
3018,3019,0,0,0,0,58
3019,3020,0,0,0,0,47
3020,3021,0,0,0,1,49
3021,3022,0,0,0,6,16
3022,3023,0,0,0,0,24
3023,3024,0,0,0,0,8
3024,3025,0,0,0,0,19
3025,3026,0,0,0,0,21
3026,3027,0,0,0,2,21
3027,3028,0,0,0,0,13
3028,3029,0,0,0,1,5
3029,3030,0,0,0,0,1
3030,3031,0,0,0,0,0
3031,3032,0,0,0,0,3
3032,3033,0,0,0,3,0
3033,3034,0,0,0,0,3
3034,3035,0,0,0,0,1
3035,3036,0,0,0,0,2
3036,3037,0,0,0,0,6
3037,3038,0,0,1,3,4
3038,3039,0,0,0,0,14
3039,3040,0,0,0,2,9
3040,3041,0,0,0,0,18
3041,3042,0,0,0,1,29
3042,3043,0,0,1,15,29
3043,3044,0,0,0,3,69
3044,3045,0,0,0,17,37
3045,3046,0,0,0,0,76
3046,3047,0,0,0,2,49
3047,3048,0,0,0,1,70
3048,3049,0,0,0,2,35
3049,3050,0,0,0,0,31
3050,3051,0,0,0,2,19
3051,3052,0,0,0,7,29
3052,3053,0,0,0,4,29
3053,3054,0,0,1,2,20
3054,3055,0,0,0,0,4
3055,3056,0,0,0,0,3
3056,3057,0,0,0,0,5
3057,3058,0,0,0,0,5
3058,3059,0,0,0,0,3
3059,3060,0,0,0,0,7
3060,3061,0,0,0,0,24
3061,3062,0,0,1,3,31
3062,3063,0,0,0,0,62
3063,3064,0,0,2,12,53
3064,3065,0,0,1,13,69
3065,3066,0,0,3,13,48
3066,3067,0,0,0,3,48
3067,3068,0,0,0,0,55
3068,3069,0,0,1,28,23
3069,3070,0,0,0,2,52
3070,3071,0,0,0,3,22
3071,3072,0,0,0,0,20
3072,3073,0,0,0,5,5
3073,3074,0,0,2,3,17
3074,3075,0,0,0,11,9
3075,3076,0,0,1,3,14
3076,3077,0,0,0,0,6
3077,3078,0,0,0,0,1
3078,3079,0,0,0,0,1
3079,3080,0,0,0,0,0
3080,3081,0,0,0,0,3
3081,3082,0,0,0,0,3
3082,3083,0,0,0,0,3
3083,3084,0,0,0,0,1
3084,3085,0,0,0,1,3
3085,3086,0,0,0,0,4
3086,3087,0,0,0,0,5
3087,3088,0,0,0,0,7
3088,3089,0,0,0,0,15
3089,3090,0,0,0,6,35
3090,3091,0,1,1,4,43
3091,3092,0,0,0,7,57
3092,3093,0,0,0,6,34
3093,3094,0,0,1,2,72
3094,3095,0,0,4,34,61
3095,3096,0,0,0,11,116
3096,3097,0,0,0,18,64
3097,3098,0,0,0,0,38
3098,3099,0,0,0,0,9
3099,3100,0,0,0,0,13
3100,3101,0,0,0,0,13
3101,3102,0,0,0,0,6
3102,3103,0,0,0,0,2
3103,3104,0,0,0,0,0
3104,3105,0,0,0,0,0
3105,3106,0,0,0,0,0
3106,3107,0,0,0,0,8
3107,3108,0,0,0,0,15
3108,3109,0,0,0,3,29
3109,3110,0,0,1,13,27
3110,3111,0,0,0,8,62
3111,3112,0,0,1,14,65
3112,3113,0,0,0,3,91
3113,3114,0,0,0,11,52
3114,3115,0,0,0,2,47
3115,3116,0,0,0,10,45
3116,3117,0,0,0,3,57
3117,3118,0,0,2,7,48
3118,3119,0,0,0,4,16
3119,3120,0,0,0,2,12
3120,3121,0,0,0,0,12
3121,3122,0,0,0,0,22
3122,3123,0,0,0,1,19
3123,3124,0,0,0,0,15
3124,3125,0,0,0,0,3
3125,3126,0,0,0,0,0
3126,3127,0,0,0,0,0
3127,3128,0,0,0,0,0
3128,3129,0,0,0,0,0
3129,3130,0,0,0,0,0
3130,3131,0,0,0,0,0
3131,3132,0,0,0,0,1
3132,3133,0,0,0,0,4
3133,3134,0,0,0,0,8
3134,3135,0,0,0,0,24
3135,3136,0,0,0,0,31
3136,3137,0,0,0,5,41
3137,3138,0,0,0,1,54
3138,3139,0,0,1,9,45
3139,3140,0,0,0,1,47
3140,3141,0,0,0,2,25
3141,3142,0,0,0,2,76
3142,3143,0,0,1,9,131
3143,3144,0,0,0,34,180
3144,3145,0,0,0,16,147
3145,3146,0,0,0,0,88
3146,3147,0,0,0,0,9
3147,3148,0,0,0,0,0
3148,3149,0,0,0,0,0
3149,3150,0,0,0,0,0
3150,3151,0,0,0,0,0
3151,3152,0,0,0,0,0
3152,3153,0,0,0,0,0
3153,3154,0,0,0,0,0
3154,3155,0,0,0,0,8
3155,3156,0,0,1,8,13
3156,3157,0,0,2,4,38
3157,3158,0,1,1,1,49
3158,3159,0,0,0,8,68
3159,3160,0,0,0,11,67
3160,3161,0,0,0,10,78
3161,3162,0,0,1,7,45
3162,3163,0,0,0,1,42
3163,3164,0,0,0,2,27
3164,3165,0,0,1,6,34
3165,3166,0,0,1,2,28
3166,3167,0,0,0,0,20
3167,3168,0,0,0,0,6
3168,3169,0,0,0,0,5
3169,3170,0,0,0,2,2
3170,3171,0,0,0,0,4
3171,3172,0,0,0,0,1
3172,3173,0,0,0,0,0
3173,3174,0,0,0,0,0
3174,3175,0,0,0,0,5
3175,3176,0,0,0,0,11
3176,3177,0,0,0,3,12
3177,3178,0,0,0,4,34
3178,3179,0,0,0,17,34
3179,3180,0,0,0,5,75
3180,3181,0,0,0,12,67
3181,3182,0,0,0,13,50
3182,3183,0,0,0,1,35
3183,3184,0,0,0,5,9
3184,3185,0,0,0,1,46
3185,3186,0,0,1,17,106
3186,3187,0,0,0,30,161
3187,3188,0,2,5,45,125
3188,3189,0,0,0,9,77
3189,3190,0,0,0,0,17
3190,3191,0,0,0,0,2
3191,3192,0,0,0,0,2
3192,3193,0,0,0,0,0
3193,3194,0,0,0,0,0
3194,3195,0,0,0,0,0
3195,3196,0,0,0,0,0
3196,3197,0,0,0,0,0
3197,3198,0,0,0,0,8
3198,3199,0,0,0,0,18
3199,3200,0,0,0,6,20
3200,3201,0,0,0,7,19
3201,3202,0,0,0,0,42
3202,3203,0,0,0,14,41
3203,3204,0,0,0,10,64
3204,3205,0,0,0,8,42
3205,3206,0,0,0,0,37
3206,3207,0,0,0,2,20
3207,3208,0,0,0,3,27
3208,3209,0,0,0,5,20
3209,3210,0,0,0,0,13
3210,3211,0,0,0,0,6
3211,3212,0,0,0,0,6
3212,3213,0,0,0,1,5
3213,3214,0,0,0,0,3
3214,3215,0,0,0,0,0
3215,3216,0,0,0,2,3
3216,3217,0,0,0,3,8
3217,3218,0,0,1,3,12
3218,3219,0,0,0,2,41
3219,3220,0,1,1,9,45
3220,3221,0,0,0,9,77
3221,3222,0,0,1,22,50
3222,3223,0,0,1,3,54
3223,3224,0,0,0,1,25
3224,3225,0,0,0,1,10
3225,3226,0,0,0,0,43
3226,3227,0,0,0,10,88
3227,3228,0,0,0,20,131
3228,3229,0,0,0,10,128
3229,3230,0,0,0,6,71
3230,3231,0,0,0,0,24
3231,3232,0,0,0,2,1
3232,3233,0,0,0,0,2
3233,3234,0,0,0,0,0
3234,3235,0,0,0,0,0
3235,3236,0,0,0,0,0
3236,3237,0,0,0,0,0
3237,3238,0,0,0,0,0
3238,3239,0,0,0,0,0
3239,3240,0,0,0,0,6
3240,3241,0,0,0,0,13
3241,3242,0,0,0,0,13
3242,3243,0,0,0,0,25
3243,3244,0,0,0,1,28
3244,3245,0,0,0,1,56
3245,3246,0,0,3,12,30
3246,3247,0,0,0,1,36
3247,3248,0,0,0,4,15
3248,3249,0,0,0,3,28
3249,3250,0,0,0,3,33
3250,3251,0,0,0,3,27
3251,3252,0,0,0,0,24
3252,3253,0,0,0,3,11
3253,3254,0,0,0,0,10
3254,3255,0,0,0,0,19
3255,3256,0,0,0,5,23
3256,3257,0,0,0,3,49
3257,3258,0,0,0,4,38
3258,3259,0,0,0,1,30
3259,3260,0,0,0,0,8
3260,3261,0,0,0,1,4
3261,3262,0,0,0,1,20
3262,3263,0,0,0,7,44
3263,3264,0,0,1,12,49
3264,3265,0,0,0,0,56
3265,3266,0,0,0,6,20
3266,3267,0,0,1,1,18
3267,3268,0,0,0,0,7
3268,3269,0,0,0,0,4
3269,3270,0,0,0,0,0
3270,3271,0,0,0,0,0
3271,3272,0,0,0,0,0
3272,3273,0,0,0,0,0
3273,3274,0,0,0,0,0
3274,3275,0,0,0,0,0
3275,3276,0,0,0,0,0
3276,3277,0,0,0,0,0
3277,3278,0,0,0,0,0
3278,3279,0,0,0,0,4
3279,3280,0,0,1,3,2
3280,3281,0,0,0,0,27
3281,3282,0,0,0,8,18
3282,3283,0,0,0,2,27
3283,3284,0,0,0,0,15
3284,3285,0,0,0,4,18
3285,3286,0,0,0,7,25
3286,3287,0,0,0,8,20
3287,3288,0,0,0,4,23
3288,3289,0,0,1,6,7
3289,3290,0,0,0,0,5
3290,3291,0,0,0,0,3
3291,3292,0,0,0,1,2
3292,3293,0,0,0,0,11
3293,3294,0,0,0,0,22
3294,3295,0,0,0,1,21
3295,3296,0,0,0,1,21
3296,3297,0,0,0,0,13
3297,3298,0,0,0,2,12
3298,3299,0,0,0,2,5
3299,3300,0,0,0,0,3
3300,3301,0,0,0,0,1
3301,3302,0,0,0,0,0
3302,3303,0,0,0,0,0
3303,3304,0,0,0,0,0
3304,3305,0,0,0,0,0
3305,3306,0,0,0,0,0
3306,3307,0,0,0,0,0
3307,3308,0,0,0,0,0
3308,3309,0,0,0,0,0
3309,3310,0,0,0,0,3
3310,3311,0,0,0,0,3
3311,3312,0,0,0,0,14
3312,3313,0,1,1,2,11
3313,3314,0,0,0,0,13
3314,3315,0,0,0,0,9
3315,3316,0,1,1,1,13
3316,3317,0,0,0,0,25
3317,3318,0,0,0,3,19
3318,3319,0,0,0,0,21
3319,3320,0,0,0,0,10
3320,3321,0,0,0,0,2
3321,3322,0,0,0,1,1
3322,3323,0,0,0,0,3
3323,3324,0,0,0,0,4
3324,3325,0,0,0,2,4
3325,3326,0,0,1,1,6
3326,3327,0,0,0,0,7
3327,3328,0,0,0,1,3
3328,3329,0,0,0,0,2
3329,3330,0,0,0,0,0
3330,3331,0,0,0,0,0
3331,3332,0,0,0,0,0
3332,3333,0,0,0,0,0
3333,3334,0,0,0,0,2
3334,3335,0,0,0,0,2
3335,3336,0,0,0,0,5
3336,3337,0,0,0,0,3
3337,3338,0,0,0,0,3
3338,3339,0,0,0,0,0
3339,3340,0,0,0,0,3
3340,3341,0,0,0,1,2
3341,3342,0,0,0,0,3
3342,3343,0,0,0,0,3
3343,3344,0,1,1,2,1
3344,3345,0,0,0,0,6
3345,3346,0,0,0,0,3
3346,3347,0,0,0,0,3
3347,3348,0,0,0,0,3
3348,3349,0,0,0,0,3
3349,3350,0,0,0,0,3
3350,3351,0,0,0,1,1
3351,3352,0,0,0,0,2
3352,3353,0,0,0,0,0
3353,3354,0,0,0,0,0
3354,3355,0,0,0,0,0
3355,3356,0,0,0,0,0
3356,3357,0,0,0,0,3
3357,3358,0,0,2,2,2
3358,3359,0,0,0,0,7
3359,3360,0,0,0,3,1
3360,3361,0,0,0,0,3
3361,3362,0,0,0,0,0
3362,3363,0,0,0,0,1
3363,3364,0,0,0,0,1
3364,3365,0,0,0,0,1
3365,3366,0,0,0,0,2
3366,3367,0,0,0,0,2
3367,3368,0,0,0,0,2
3368,3369,0,0,0,0,0
3369,3370,0,0,0,0,0
3370,3371,0,0,0,0,1
3371,3372,0,0,0,0,1
3372,3373,0,0,0,0,1
3373,3374,0,0,0,0,0
3374,3375,0,0,0,0,0
3375,3376,0,0,0,0,0
3376,3377,0,0,0,0,1
3377,3378,0,0,0,0,4
3378,3379,0,0,0,1,5
3379,3380,0,0,0,1,7
3380,3381,0,0,0,0,5
3381,3382,0,0,0,0,3
3382,3383,0,0,0,0,0
3383,3384,0,0,0,0,0
3384,3385,0,0,0,0,0
3385,3386,0,0,0,0,0
3386,3387,0,0,0,0,0
3387,3388,0,0,0,0,0
3388,3389,0,0,0,0,0
3389,3390,0,0,0,0,0
3390,3391,0,0,0,0,1
3391,3392,0,0,0,1,1
3392,3393,0,0,0,0,4
3393,3394,0,0,0,1,2
3394,3395,0,0,0,0,2
3395,3396,0,0,0,0,0
3396,3397,0,0,0,0,0
3397,3398,0,0,0,0,0
3398,3399,0,0,0,0,0
3399,3400,0,0,0,0,0
3400,3401,0,0,0,0,0
3401,3402,0,0,0,0,0
3402,3403,0,0,0,0,0
3403,3404,0,0,0,0,0
3404,3405,0,0,0,0,4
3405,3406,0,0,0,0,4
3406,3407,0,0,0,0,5
3407,3408,0,0,0,0,1
3408,3409,0,0,0,0,1
3409,3410,0,0,0,0,0
3410,3411,0,0,0,0,0
3411,3412,0,0,0,0,0
3412,3413,0,0,0,0,0
3413,3414,0,0,0,0,0
3414,3415,0,0,0,0,0
3415,3416,0,0,0,0,0
3416,3417,0,0,0,0,3
3417,3418,0,0,0,3,0
3418,3419,0,0,0,0,3
3419,3420,0,0,0,0,0
3420,3421,0,0,0,0,0
3421,3422,0,0,0,0,0
3422,3423,0,0,0,0,0
3423,3424,0,0,0,0,0
3424,3425,0,0,0,0,0
3425,3426,0,0,0,0,0
3426,3427,0,0,0,0,0
3427,3428,0,0,0,0,0
3428,3429,0,0,0,0,3
3429,3430,0,0,0,0,3
3430,3431,0,0,0,0,0
3431,3432,0,0,0,0,0
3432,3433,0,0,0,0,0
3433,3434,0,0,0,0,0
3434,3435,0,0,0,0,0
3435,3436,0,0,0,0,0
3436,3437,0,0,0,0,0
3437,3438,0,0,0,0,0
3438,3439,0,0,0,0,0
3439,3440,0,0,0,0,0
3440,3441,0,0,0,0,0
3441,3442,0,0,0,0,0
3442,3443,0,0,0,0,0
3443,3444,0,0,0,0,0
3444,3445,0,0,0,0,0
