primary_key,incident_occured,latitude,longitude,grid,offense_type
20180832013_11,2018-10-01 00:25:00,36.129,-86.715,2349,13A
20180832042_11,2018-10-01 00:30:00,36.17,-86.79,1639,13A
20180832042_12,2018-10-01 00:30:00,36.17,-86.79,1639,13A
20180832164_11,2018-10-01 02:00:00,36.113,-86.746,2035,13A
20180832195_11,2018-10-01 02:20:00,36.16,-86.78,1765,13B
20180832325_11,2018-10-01 04:00:00,36.22,-86.804,1515,13A
20180832604_11,2018-10-01 01:00:00,36.221,-86.601,3179,13C
20180832705_11,2018-10-01 08:50:00,36.08,-86.77,1842,13A
20180832794_11,2018-10-01 08:19:00,36.168,-86.76,1892,13B
20180832869_11,2018-10-01 04:44:00,36.213,-86.76,1884,13A
20180832881_11,2018-10-01 08:00:00,36.1,-86.74,2105,13C
20180832894_11,2018-10-01 09:30:00,36.221,-86.601,3179,13C
20180833011_11,2018-10-01 09:30:00,36.04,-86.69,2535,13B
20180833061_11,2018-10-01 09:50:00,36.163,-86.597,3189,13B
20180833071_11,2018-10-01 01:00:00,36.134,-86.71,2348,13B
20180833179_11,2018-10-01 10:47:00,36.17,-86.6,3188,13C
20180833231_11,2018-10-01 10:50:00,36.22,-86.59,3220,13C
20180833233_11,2018-10-01 11:00:00,36.219,-86.751,2017,13B
20180833280_11,2018-10-01 06:00:00,36.167,-86.806,1524,13A
20180833324_11,2018-10-01 11:00:00,36.05,-86.65,2873,13B
20180833383_11,2018-10-01 11:45:00,36.087,-86.937,515,13B
20180833481_11,2018-10-01 13:00:00,36.145,-86.764,1896,13C
20180833719_11,2018-10-01 15:15:00,36.05,-86.68,2648,13B
20180833821_11,2018-10-01 16:00:00,36.2,-86.69,2507,13B
20180833956_11,2018-10-01 15:30:00,36.18,-86.82,1411,13C
20180833956_12,2018-10-01 15:30:00,36.18,-86.82,1411,13C
20180833999_11,2018-10-01 17:00:00,36.206,-86.586,3258,13B
20180834059_11,2018-10-01 17:48:00,36.22,-86.8,1571,13B
20180834103_11,2018-10-01 17:30:00,36.065,-86.759,1977,13B
20180834157_11,2018-10-01 18:27:00,36.218,-86.81,1459,13C
20180834314_11,2018-10-01 19:56:00,36.175,-86.586,3264,13B
20180834314_12,2018-10-01 19:56:00,36.175,-86.586,3264,13B
20180834346_11,2018-10-01 18:30:00,36.05,-86.68,2648,13B
20180834349_11,2018-10-01 19:00:00,36.245,-86.771,1814,13B
20180834394_11,2018-10-01 21:18:00,36.168,-86.759,1959,13C
20180834453_11,2018-10-01 19:30:00,36.25,-86.72,2270,13B
20180834516_11,2018-10-01 22:00:00,36.15,-86.77,1830,13A
20180834516_12,2018-10-01 22:00:00,36.15,-86.77,1830,13A
20180834516_13,2018-10-01 22:00:00,36.15,-86.77,1830,13A
20180834561_11,2018-10-01 22:48:00,36.21,-86.84,1240,13A
20180834612_11,2018-10-01 23:10:00,36.27,-86.69,2495,13A
20180834612_12,2018-10-01 23:10:00,36.27,-86.69,2495,13A
20180834644_31,2018-10-01 23:36:00,36.09,-86.72,2297,13A
20180834646_11,2018-10-01 22:30:00,36.05,-86.73,2244,13A
20180834787_11,2018-10-02 01:19:00,36.165,-86.757,1959,13B
20180834787_22,2018-10-02 01:19:00,36.165,-86.757,1959,13C
20180834830_11,2018-10-02 01:49:00,36.168,-86.76,1892,13B
20180834894_11,2018-10-02 04:06:00,36.17,-86.59,3229,13B
20180835053_11,2018-10-02 03:32:00,36.153,-86.628,3003,13B
20180835192_11,2018-10-02 04:43:00,36.176,-86.756,1958,13B
20180835192_12,2018-10-02 04:43:00,36.176,-86.756,1958,13B
20180835347_11,2018-10-02 06:30:00,36.243,-86.773,1814,13B
20180835564_11,2018-10-02 06:45:00,36.243,-86.773,1814,13B
20180835634_31,2018-10-02 08:40:00,36.061,-86.639,2921,13B
20180835635_11,2018-10-02 08:45:00,36.04,-86.61,3119,13C
20180835719_11,2018-10-02 08:30:00,36.099,-86.743,2105,13B
20180835760_11,2018-10-01 16:00:00,36.18,-86.59,3227,13B
20180835760_12,2018-10-01 16:00:00,36.18,-86.59,3227,13B
20180835871_11,2018-10-02 08:00:00,36.07,-86.9,795,13A
20180835899_11,2018-10-02 10:20:00,36.278,-86.754,1940,13B
20180836006_12,2018-10-02 11:15:00,36.185,-86.679,2625,13B
20180836176_11,2018-10-02 11:33:00,36.15,-86.8,1583,13B
20180836357_11,2018-10-02 01:00:00,36.121,-86.775,1772,13C
20180836392_11,2018-10-02 14:00:00,36.166,-86.762,1892,13A
20180836489_11,2018-10-02 14:52:00,36.143,-86.781,1705,13C
20180836501_11,2018-10-02 15:00:00,36.162,-86.826,1359,13A
20180836536_11,2018-10-02 16:00:00,36.17,-86.739,2093,13B
20180836635_11,2018-10-02 16:15:00,36.2,-86.69,2507,13A
20180836668_11,2018-10-02 00:01:00,36.13,-86.71,2348,13C
20180836710_11,2018-10-02 07:00:00,36.31,-86.773,1802,13C
20180836721_11,2018-10-02 17:15:00,36.169,-86.807,1524,13A
20180836821_11,2018-10-02 18:00:00,36.02,-86.67,2710,13C
20180836838_11,2018-10-02 17:36:00,36.16,-86.78,1765,13B
20180836871_22,2018-10-02 17:40:00,36.301,-86.695,2434,13B
20180836871_23,2018-10-02 17:40:00,36.301,-86.695,2434,13B
20180836884_11,2018-10-02 16:00:00,36.26,-86.76,1876,13C
20180836884_12,2018-10-02 16:00:00,36.26,-86.76,1876,13C
20180836918_11,2018-10-02 17:55:00,36.2,-86.76,1886,13C
20180837016_11,2018-10-02 17:40:00,36.151,-86.758,1962,13B
20180837022_11,2018-10-02 18:51:00,36.157,-86.797,1582,13C
20180837022_12,2018-10-02 18:51:00,36.157,-86.797,1582,13C
20180837049_11,2018-10-02 19:01:00,36.11,-86.81,1478,13B
20180837068_11,2018-10-02 19:00:00,36.15,-86.81,1471,13B
20180837278_11,2018-10-02 17:00:00,36.05,-86.66,2761,13B
20180837318_11,2018-10-02 20:00:00,36.16,-86.779,1765,13B
20180837355_11,2018-10-02 21:10:00,36.258,-86.849,1174,13A
20180837501_11,2018-10-02 22:45:00,36.155,-86.775,1766,13B
20180837520_11,2018-10-02 21:30:00,36.07,-86.63,2969,13A
20180837530_11,2018-10-02 22:55:00,36.133,-86.723,2290,13B
20180837531_11,2018-10-02 22:50:00,36.17,-86.756,1959,13A
20180837557_11,2018-10-01 19:00:00,36.301,-86.699,2434,13B
20180837640_11,2018-10-02 22:55:00,36.133,-86.723,2290,13A
20180837722_11,2018-10-03 00:00:00,36.212,-86.586,3257,13C
20180838042_11,2018-10-03 00:00:00,36.16,-86.78,1765,13B
20180838092_11,2018-10-03 03:00:00,36.229,-86.725,2213,13B
20180838317_11,2018-10-03 05:00:00,36.107,-86.726,2234,13B
20180838354_11,2018-10-03 05:34:00,36.258,-86.683,2554,13B
20180838573_11,2018-10-03 07:05:00,36.23,-86.76,1881,13B
20180838605_11,2018-10-03 07:30:00,36.263,-86.69,2497,13B
20180838605_12,2018-10-03 07:30:00,36.263,-86.69,2497,13B
20180838728_11,2018-10-03 06:30:00,36.22,-86.69,2504,13A
20180838806_11,2018-10-03 09:00:00,36.038,-86.586,3287,13B
20180838821_11,2018-10-03 09:35:00,36.17,-86.8,1580,13A
20180838892_11,2018-10-03 09:35:00,36.17,-86.8,1580,13B
20180838973_11,2018-10-03 07:05:00,36.278,-86.754,1940,13B
20180838986_11,2018-10-03 11:20:00,36.069,-86.72,2301,13B
20180839036_11,2018-10-03 10:59:00,36.309,-86.772,1803,13A
20180839154_11,2018-10-02 17:00:00,36.069,-86.72,2301,13B
20180839267_21,2018-10-03 00:15:00,36.16,-86.88,957,13A
20180839286_11,2018-10-03 00:30:00,36.21,-86.78,1757,13A
20180839301_11,2018-10-03 11:00:00,36.253,-86.774,1749,13A
20180839459_11,2018-10-03 13:32:00,36.26,-86.65,2837,13A
20180839635_11,2018-10-03 00:00:00,36.32,-86.81,1442,13C
20180839765_11,2018-10-03 15:10:00,36.07,-86.92,618,13B
20180839835_11,2018-10-03 15:51:00,36.148,-86.882,900,13B
20180839838_11,2018-10-03 15:30:00,36.26,-86.7,2441,13C
20180839949_11,2018-10-03 16:30:00,36.3,-86.69,2490,13B
20180839978_11,2018-10-03 16:30:00,36.057,-86.7,2476,13B
20180840041_11,2018-10-03 17:00:00,36.21,-86.76,1885,13B
20180840082_11,2018-10-03 16:42:00,36.17,-86.76,1892,13A
20180840136_11,2018-10-03 17:44:00,36.133,-86.723,2290,13B
20180840164_11,2018-10-02 10:34:00,36.19,-86.81,1464,13C
20180840173_11,2018-10-03 16:00:00,36.215,-86.602,3137,13B
20180840175_11,2018-10-03 16:50:00,36.1,-86.7,2469,13A
20180840203_21,2018-10-03 18:12:00,36.08,-86.75,2041,13A
20180840309_11,2018-10-03 18:30:00,36.161,-86.815,1469,13B
20180840411_12,2018-10-03 19:38:00,36.161,-86.776,1765,13A
20180840461_11,2018-10-03 19:50:00,36.14,-86.79,1644,13B
20180840516_11,2018-10-03 20:07:00,36.239,-86.668,2673,13B
20180840535_11,2018-10-03 20:16:00,36.199,-86.77,1822,13B
20180840622_11,2018-10-03 21:09:00,36.22,-86.58,3256,13B
20180840678_11,2018-10-03 21:00:00,36.166,-86.781,1701,13B
20180840806_11,2018-10-03 20:45:00,36.176,-86.651,2852,13B
20180840814_11,2018-10-03 22:24:00,36.118,-86.631,2961,13B
20180840817_11,2018-10-03 22:54:00,36.159,-86.834,1304,13B
20180840917_11,2018-10-03 23:25:00,36.183,-86.774,1761,13A
20180840919_11,2018-10-03 23:10:00,36.161,-86.776,1765,13B
20180840919_12,2018-10-03 23:10:00,36.161,-86.776,1765,13B
20180840931_11,2018-10-04 00:19:00,36.177,-86.796,1578,13B
20180840942_11,2018-10-03 22:39:00,36.107,-86.704,2410,13A
20180840976_11,2018-10-03 23:50:00,36.158,-86.792,1641,13A
20180840996_11,2018-10-04 00:08:00,36.188,-86.799,1576,13B
20180841134_11,2018-10-04 01:00:00,36.071,-86.635,2969,13B
20180841156_11,2018-10-04 01:43:00,36.045,-86.698,2478,13B
20180841156_12,2018-10-04 01:43:00,36.045,-86.698,2478,13B
20180841218_11,2018-10-04 02:35:00,35.99,-86.67,2716,13A
20180841420_11,2018-10-04 05:10:00,36.213,-86.762,1884,13B
20180841544_11,2018-10-04 03:00:00,36.07,-86.69,2530,13B
20180841544_12,2018-10-04 03:00:00,36.07,-86.69,2530,13B
20180841630_21,2018-10-04 07:32:00,36.221,-86.801,1571,13B
20180841788_11,2018-10-04 08:30:00,36.232,-86.75,2015,13B
20180841805_11,2018-10-04 07:30:00,36.174,-86.793,1638,13B
20180841835_11,2018-10-04 08:30:00,36.144,-86.883,901,13A
20180841903_11,2018-10-04 09:25:00,36.15,-86.76,1895,13A
20180841916_11,2018-10-04 08:00:00,36.2,-86.77,1821,13C
20180841927_11,2018-10-03 00:20:00,36.1,-86.76,1904,13B
20180842020_11,2018-10-04 09:00:00,36.18,-86.8,1578,13B
20180842201_11,2018-10-03 13:00:00,36.09,-86.74,2106,13B
20180842216_11,2018-10-04 11:30:00,36.151,-86.757,1962,13B
20180842223_11,2018-10-04 00:00:00,36.17,-86.6,3188,13B
20180842223_12,2018-10-04 00:00:00,36.17,-86.6,3188,13B
20180842442_11,2018-10-03 21:00:00,36.103,-86.925,561,13B
20180842469_11,2018-10-02 16:18:00,36.2,-86.84,1241,13C
20180842563_11,2018-10-04 14:09:00,36.213,-86.792,1631,13B
20180842605_11,2018-10-04 00:00:00,36.045,-86.662,2762,13B
20180842664_22,2018-10-04 15:15:00,36.041,-86.778,1786,13B
20180842688_11,2018-10-04 15:00:00,36.26,-86.65,2837,13C
20180842697_11,2018-10-04 00:30:00,36.09,-86.64,2916,13B
20180842958_11,2018-10-04 17:15:00,36.07,-86.92,618,13A
20180842959_11,2018-10-04 18:10:00,36.257,-86.69,2498,13B
20180842959_12,2018-10-04 18:10:00,36.257,-86.69,2498,13B
20180842970_11,2018-10-04 16:30:00,36.08,-86.71,2357,13B
20180843158_21,2018-10-04 18:45:00,36.087,-86.704,2414,13A
20180843163_11,2018-10-04 18:45:00,36.053,-86.657,2817,13B
20180843163_12,2018-10-04 18:45:00,36.053,-86.657,2817,13B
20180843229_11,2018-10-04 19:18:00,36.23,-86.73,2213,13B
20180843276_11,2018-10-04 19:20:00,36.18,-86.6,3186,13A
20180843276_12,2018-10-04 19:20:00,36.18,-86.6,3186,13A
20180843276_13,2018-10-04 19:20:00,36.18,-86.6,3186,13A
20180843319_11,2018-10-04 19:45:00,36.272,-86.689,2495,13C
20180843319_12,2018-10-04 19:45:00,36.272,-86.689,2495,13C
20180843363_11,2018-10-03 20:00:00,36.04,-86.58,3287,13C
20180843407_11,2018-10-04 19:30:00,36.18,-86.6,3186,13A
20180843411_21,2018-10-04 20:30:00,36.148,-86.758,1962,13B
20180843445_11,2018-10-04 21:30:00,36.157,-86.636,2954,13B
20180843496_11,2018-10-04 21:12:00,36.15,-86.786,1704,13A
20180843504_11,2018-10-04 21:00:00,36.31,-86.69,2488,13B
20180843580_11,2018-10-04 21:55:00,36.217,-86.816,1459,13A
20180843611_11,2018-10-04 22:00:00,36.097,-86.739,2105,13C
20180843611_12,2018-10-04 22:00:00,36.097,-86.739,2105,13C
20180843695_11,2018-10-04 21:50:00,36.077,-86.726,2240,13B
20180843761_11,2018-10-04 23:20:00,36.02,-86.64,2928,13A
20180843761_12,2018-10-04 23:20:00,36.02,-86.64,2928,13A
20180843770_11,2018-10-04 22:42:00,36.16,-86.79,1640,13C
20180843785_11,2018-10-04 20:45:00,36.178,-86.808,1522,13B
20180843798_11,2018-10-04 21:00:00,36.244,-86.718,2271,13B
20180843818_11,2018-10-04 23:55:00,36.191,-86.75,2022,13B
20180843896_11,2018-10-05 00:30:00,36.16,-86.77,1828,13B
20180843902_11,2018-10-05 00:35:00,36.121,-86.704,2408,13A
20180843907_11,2018-10-05 00:39:00,36.179,-86.776,1762,13B
20180843932_11,2018-10-05 00:30:00,36.168,-86.779,1764,13B
20180843963_11,2018-10-05 01:45:00,36.21,-86.78,1757,13A
20180844090_11,2018-10-05 02:10:00,36.07,-86.69,2530,13B
20180844094_11,2018-10-05 02:20:00,36.174,-86.609,3096,13B
20180844223_11,2018-10-05 02:54:00,36.08,-86.71,2357,13A
20180844228_21,2018-10-05 03:45:00,36.14,-86.79,1644,13C
20180844229_11,2018-10-05 03:40:00,36.155,-86.821,1415,13A
20180844255_11,2018-10-05 05:00:00,36.066,-86.63,2969,13B
20180844268_11,2018-10-05 04:00:00,36.165,-86.802,1580,13B
20180844338_11,2018-10-05 05:15:00,36.21,-86.78,1757,13A
20180844338_12,2018-10-05 05:15:00,36.21,-86.78,1757,13A
20180844357_11,2018-10-05 05:20:00,36.16,-86.76,1893,13B
20180844595_11,2018-10-05 07:49:00,36.129,-86.771,1834,13B
20180844622_11,2018-10-05 07:30:00,36.17,-86.78,1764,13B
20180844658_11,2018-10-05 08:00:00,36.09,-86.643,2916,13A
20180844714_11,2018-10-05 08:35:00,36.149,-86.79,1642,13A
20180844834_11,2018-10-05 09:14:00,36.17,-86.766,1892,13B
20180844880_12,2018-10-05 09:47:00,36.083,-86.867,1088,13B
20180844895_11,2018-10-05 09:40:00,36.05,-86.89,858,13B
20180845040_11,2018-10-05 11:04:00,36.041,-86.578,3318,13B
20180845148_11,2018-10-05 11:00:00,36.185,-86.748,2023,13A
20180845176_11,2018-10-05 00:15:00,36.15,-86.86,1076,13B
20180845225_11,2018-10-05 00:26:00,36.231,-86.72,2273,13C
20180845269_11,2018-10-05 11:50:00,36.101,-86.727,2235,13C
20180845326_11,2018-10-03 14:00:00,36.185,-86.636,2949,13B
20180845331_11,2018-10-05 13:34:00,36.178,-86.806,1522,13C
20180845350_11,2018-10-05 13:30:00,36.166,-86.812,1468,13C
20180845357_11,2018-10-05 13:23:00,36.143,-86.763,1896,13B
20180845476_11,2018-10-05 14:40:00,36.084,-86.711,2356,13C
20180845491_11,2018-10-05 00:00:00,36.15,-86.82,1416,13C
20180845538_11,2018-10-05 14:30:00,36.159,-86.831,1359,13C
20180845650_11,2018-10-05 15:31:00,36.193,-86.787,1697,13B
20180845660_11,2018-10-05 00:15:00,36.15,-86.86,1076,13B
20180845667_11,2018-10-05 15:30:00,36.252,-86.718,2269,13B
20180845677_11,2018-10-05 14:30:00,36.042,-86.666,2707,13B
20180845724_11,2018-10-05 16:14:00,36.2,-86.78,1758,13A
20180845790_11,2018-10-05 14:45:00,36.164,-86.779,1765,13B
20180845799_11,2018-10-05 18:00:00,36.16,-86.82,1414,13B
20180845834_11,2018-10-05 17:00:00,36.17,-86.765,1892,13B
20180845877_11,2018-10-05 11:30:00,36.131,-86.714,2348,13C
20180845990_11,2018-10-05 18:01:00,36.202,-86.693,2507,13B
20180846035_11,2018-10-05 18:00:00,36.178,-86.814,1466,13B
20180846074_11,2018-10-05 17:48:00,36.168,-86.784,1701,13B
20180846078_11,2018-10-04 14:00:00,36.231,-86.747,2015,13A
20180846096_11,2018-10-04 16:30:00,36.136,-86.788,1644,13C
20180846159_11,2018-10-05 18:00:00,36.05,-86.67,2705,13A
20180846174_11,2018-10-05 18:40:00,36.161,-86.779,1765,13B
20180846197_11,2018-10-05 19:30:00,36.13,-86.72,2290,13A
20180846249_11,2018-10-05 19:55:00,36.16,-86.778,1765,13B
20180846324_11,2018-10-05 20:30:00,36.221,-86.762,1883,13B
20180846327_11,2018-10-05 20:20:00,36.162,-86.775,1765,13B
20180846327_12,2018-10-05 20:20:00,36.162,-86.775,1765,13B
20180846340_11,2018-10-05 18:00:00,36.18,-86.61,3095,13B
20180846342_11,2018-10-05 18:28:00,36.177,-86.794,1637,13B
20180846384_21,2018-10-05 21:00:00,36.2,-86.82,1407,13A
20180846384_210,2018-10-05 21:00:00,36.2,-86.82,1407,13A
20180846384_211,2018-10-05 21:00:00,36.2,-86.82,1407,13A
20180846384_24,2018-10-05 21:00:00,36.2,-86.82,1407,13A
20180846384_25,2018-10-05 21:00:00,36.2,-86.82,1407,13A
20180846384_26,2018-10-05 21:00:00,36.2,-86.82,1407,13A
20180846384_27,2018-10-05 21:00:00,36.2,-86.82,1407,13A
20180846384_28,2018-10-05 21:00:00,36.2,-86.82,1407,13A
20180846384_29,2018-10-05 21:00:00,36.2,-86.82,1407,13A
20180846440_11,2018-10-05 21:15:00,36.135,-86.804,1530,13B
20180846602_11,2018-10-05 23:00:00,36.292,-86.742,2072,13B
20180846618_11,2018-10-06 00:00:00,36.05,-86.64,2923,13A
20180846680_11,2018-10-06 00:17:00,36.053,-86.706,2420,13B
20180846708_11,2018-10-06 00:43:00,36.161,-86.777,1765,13B
20180846717_11,2018-10-06 00:54:00,36.098,-86.658,2809,13B
20180846719_11,2018-10-06 00:53:00,36.162,-86.818,1414,13B
20180846820_11,2018-10-06 02:00:00,36.172,-86.594,3187,13B
20180846891_11,2018-10-06 02:30:00,36.161,-86.776,1765,13B
20180846898_11,2018-10-06 03:15:00,36.066,-86.63,2969,13C
20180847002_11,2018-10-06 04:30:00,36.263,-86.702,2384,13B
20180847020_11,2018-10-06 03:00:00,36.165,-86.603,3145,13B
20180847121_11,2018-10-06 07:00:00,36.058,-86.741,2112,13A
20180847132_11,2018-10-06 07:00:00,36.11,-86.7,2467,13C
20180847197_11,2018-10-06 07:30:00,36.05,-86.71,2362,13C
20180847275_11,2018-10-06 08:47:00,36.15,-86.78,1767,13B
20180847289_11,2018-10-06 09:00:00,36.25,-86.78,1750,13B
20180847332_11,2018-10-06 09:45:00,36.06,-86.68,2647,13A
20180847381_11,2018-10-06 10:00:00,36.23,-86.78,1753,13C
20180847527_11,2018-10-06 00:00:00,36.174,-86.763,1891,13B
20180847594_11,2018-10-06 00:15:00,36.231,-86.759,1948,13B
20180847639_11,2018-10-06 13:50:00,36.168,-86.761,1892,13A
20180847643_11,2018-10-06 14:00:00,36.25,-86.72,2270,13B
20180847646_11,2018-10-04 00:00:00,36.2,-86.69,2507,13A
20180847678_11,2018-10-06 00:00:00,36.066,-86.63,2969,13C
20180847681_11,2018-10-06 15:00:00,36.246,-86.716,2328,13B
20180847809_11,2018-10-06 15:59:00,36.19,-86.81,1464,13B
20180847829_11,2018-10-06 16:30:00,36.263,-86.706,2384,13B
20180847923_11,2018-10-06 17:13:00,36.066,-86.63,2969,13B
20180847928_11,2018-10-06 17:25:00,36.17,-86.78,1764,13B
20180848011_11,2018-10-06 18:48:00,36.168,-86.762,1892,13C
20180848121_11,2018-10-06 20:25:00,36.067,-86.93,567,13B
20180848146_11,2018-10-06 20:18:00,36.081,-86.584,3280,13B
20180848146_12,2018-10-06 20:18:00,36.081,-86.584,3280,13B
20180848146_13,2018-10-06 20:18:00,36.081,-86.584,3280,13B
20180848160_11,2018-10-06 21:30:00,36.141,-86.781,1706,13C
20180848173_11,2018-10-06 19:00:00,36.25,-86.72,2270,13B
20180848266_11,2018-10-05 22:40:00,36.161,-86.777,1765,13B
20180848266_12,2018-10-05 22:40:00,36.161,-86.777,1765,13B
20180848288_11,2018-10-06 22:30:00,36.31,-86.69,2488,13A
20180848288_12,2018-10-06 22:30:00,36.31,-86.69,2488,13A
20180848306_11,2018-10-06 21:03:00,36.093,-86.72,2297,13B
20180848319_11,2018-10-05 22:00:00,36.094,-86.876,969,13B
20180848372_11,2018-10-07 00:06:00,36.042,-86.661,2763,13B
20180848395_11,2018-10-07 00:28:00,36.268,-86.724,2207,13B
20180848403_11,2018-10-07 00:15:00,36.166,-86.756,1959,13B
20180848405_11,2018-10-07 00:00:00,36.09,-86.7,2470,13C
20180848414_11,2018-10-06 22:45:00,36.281,-86.707,2380,13A
20180848458_11,2018-10-07 01:04:00,36.159,-86.643,2904,13B
20180848500_11,2018-10-07 01:33:00,36.157,-86.793,1641,13B
20180848546_11,2018-10-07 01:30:00,36.161,-86.825,1359,13A
20180848547_21,2018-10-06 23:40:00,36.07,-86.6,3205,13C
20180848547_22,2018-10-06 23:40:00,36.07,-86.6,3205,13C
20180848620_11,2018-10-07 02:45:00,36.15,-86.8,1583,13B
20180848708_11,2018-10-07 03:30:00,36.167,-86.765,1892,13B
20180848714_11,2018-10-07 03:00:00,36.16,-86.823,1414,13B
20180848714_12,2018-10-07 03:00:00,36.16,-86.823,1414,13B
20180848744_11,2018-10-07 04:25:00,36.27,-86.69,2495,13B
20180848753_11,2018-10-06 23:40:00,36.16,-86.78,1765,13A
20180848756_11,2018-10-07 04:00:00,36.154,-86.802,1582,13B
20180848756_12,2018-10-07 04:00:00,36.154,-86.802,1582,13B
20180848769_11,2018-10-07 02:55:00,36.214,-86.811,1460,13A
20180848929_11,2018-10-07 07:00:00,36.17,-86.76,1892,13A
20180848929_12,2018-10-07 07:00:00,36.17,-86.76,1892,13A
20180849071_11,2018-10-07 08:00:00,36.07,-86.7,2474,13C
20180849184_11,2018-10-07 10:00:00,36.274,-86.718,2266,13C
20180849189_11,2018-10-07 09:30:00,36.05,-86.71,2362,13C
20180849197_11,2018-10-07 09:30:00,36.077,-86.737,2175,13B
20180849226_11,2018-10-07 10:30:00,36.147,-86.881,960,13B
20180849263_11,2018-10-07 00:30:00,36.202,-86.739,2087,13A
20180849278_11,2018-10-07 11:35:00,36.19,-86.75,2022,13A
20180849278_12,2018-10-07 11:35:00,36.19,-86.75,2022,13A
20180849351_11,2018-10-07 00:30:00,36.16,-86.84,1248,13B
20180849353_11,2018-10-07 13:41:00,36.232,-86.655,2786,13B
20180849374_22,2018-10-07 13:00:00,36.133,-86.892,844,13B
20180849374_23,2018-10-07 13:00:00,36.133,-86.892,844,13B
20180849379_11,2018-10-07 13:15:00,36.21,-86.69,2506,13A
20180849383_11,2018-10-07 00:00:00,36.057,-86.81,1487,13A
20180849383_12,2018-10-07 00:00:00,36.057,-86.81,1487,13A
20180849440_11,2018-10-07 13:30:00,36.069,-86.588,3246,13C
20180849447_11,2018-10-07 14:25:00,36.17,-86.79,1639,13A
20180849451_11,2018-10-07 14:46:00,36.2,-86.62,3043,13A
20180849451_12,2018-10-07 14:46:00,36.2,-86.62,3043,13A
20180849562_11,2018-10-07 00:58:00,36.187,-86.822,1410,13B
20180849601_11,2018-10-07 16:00:00,36.12,-86.75,2034,13B
20180849616_11,2018-10-07 15:30:00,36.055,-86.642,2922,13B
20180849646_11,2018-10-07 16:10:00,36.126,-86.752,2033,13B
20180849684_11,2018-10-07 17:30:00,36.15,-86.84,1250,13A
20180849700_11,2018-10-07 17:00:00,36.199,-86.725,2219,13B
20180849708_11,2018-10-01 21:00:00,36.252,-86.716,2327,13B
20180849742_11,2018-10-07 18:05:00,36.3,-86.7,2434,13A
20180849742_12,2018-10-07 18:05:00,36.3,-86.7,2434,13A
20180849746_11,2018-10-07 17:40:00,36.155,-86.674,2630,13C
20180849746_12,2018-10-07 17:40:00,36.155,-86.674,2630,13C
20180849849_11,2018-10-07 19:16:00,36.263,-86.707,2384,13B
20180849868_11,2018-10-06 00:00:00,36.11,-86.74,2103,13C
20180849877_11,2018-10-07 19:33:00,36.16,-86.78,1765,13B
20180849877_12,2018-10-07 19:33:00,36.16,-86.78,1765,13B
20180849880_11,2018-10-06 19:00:00,36.19,-86.74,2089,13A
20180849915_11,2018-10-07 19:01:00,36.24,-86.81,1455,13C
20180849939_11,2018-10-07 20:18:00,36.19,-86.63,2948,13B
20180849967_11,2018-10-07 20:08:00,36.093,-86.833,1316,13B
20180850166_11,2018-10-07 22:05:00,36.215,-86.854,1124,13B
20180850177_11,2018-10-07 22:00:00,36.16,-86.6,3189,13B
20180850215_11,2018-10-02 13:00:00,36.25,-86.72,2270,13C
20180850286_11,2018-10-08 00:10:00,36.16,-86.78,1765,13B
20180850447_11,2018-10-08 01:30:00,36.073,-86.607,3161,13C
20180850447_12,2018-10-08 01:30:00,36.073,-86.607,3161,13C
20180850450_11,2018-10-08 01:30:00,36.158,-86.777,1766,13B
20180850551_11,2018-10-08 03:00:00,36.176,-86.755,1958,13B
20180850580_11,2018-10-08 03:33:00,36.152,-86.773,1830,13A
20180850655_11,2018-10-08 04:00:00,36.134,-86.702,2406,13B
20180850940_11,2018-10-07 21:00:00,36.22,-86.75,2017,13C
20180850982_11,2018-10-08 07:30:00,36.17,-86.766,1892,13C
20180851093_11,2018-10-08 08:37:00,36.08,-86.6,3203,13B
20180851127_11,2018-10-08 07:15:00,36.15,-86.81,1471,13B
20180851141_11,2018-10-07 10:15:00,36.076,-86.729,2240,13C
20180851203_11,2018-10-08 09:00:00,36.186,-86.772,1824,13C
20180851226_11,2018-10-08 09:43:00,36.15,-86.76,1895,13A
20180851312_11,2018-10-08 10:22:00,36.08,-86.73,2239,13B
20180851333_11,2018-10-07 00:30:00,36.17,-86.766,1892,13B
20180851352_11,2018-10-08 10:30:00,36.248,-86.726,2210,13B
20180851352_12,2018-10-08 10:30:00,36.248,-86.726,2210,13B
20180851381_11,2018-10-08 10:35:00,36.078,-86.911,675,13B
20180851395_11,2018-10-06 14:18:00,36.16,-86.78,1765,13B
20180851525_11,2018-10-08 10:00:00,36.19,-86.81,1464,13B
20180851548_11,2018-10-08 11:16:00,36.193,-86.735,2155,13B
20180851619_11,2018-10-08 08:00:00,36.218,-86.755,1950,13C
20180851728_11,2018-10-08 13:00:00,36.278,-86.67,2666,13C
20180851867_11,2018-10-08 14:21:00,36.14,-86.89,843,13B
20180851873_11,2018-10-08 14:15:00,36.15,-86.85,1193,13C
20180851893_11,2018-10-08 14:52:00,36.176,-86.763,1891,13C
20180852035_11,2018-10-08 15:30:00,36.19,-86.77,1823,13C
20180852048_11,2018-10-08 15:53:00,36.183,-86.767,1824,13A
20180852072_22,2018-10-08 15:40:00,36.19,-86.74,2089,13B
20180852108_11,2018-10-08 16:07:00,36.166,-86.781,1701,13B
20180852122_11,2018-10-07 23:46:00,36.16,-86.78,1765,13C
20180852145_11,2018-10-08 11:00:00,36.25,-86.65,2839,13A
20180852179_11,2018-10-08 16:00:00,36.083,-86.647,2868,13B
20180852268_11,2018-10-08 17:00:00,36.042,-86.666,2707,13B
20180852419_11,2018-10-08 17:00:00,36.194,-86.763,1887,13B
20180852419_12,2018-10-08 17:00:00,36.194,-86.763,1887,13B
20180852439_11,2018-10-08 20:16:00,36.13,-86.7,2463,13B
20180852556_11,2018-10-08 19:39:00,36.15,-86.78,1767,13B
20180852590_11,2018-10-08 19:00:00,36.16,-86.774,1765,13B
20180852595_11,2018-10-08 19:21:00,36.23,-86.74,2082,13B
20180852596_11,2018-10-08 19:29:00,36.183,-86.803,1521,13B
20180852628_11,2018-10-08 19:42:00,36.27,-86.68,2610,13B
20180852649_11,2018-10-08 21:47:00,36.183,-86.736,2156,13B
20180852682_11,2018-10-08 20:04:00,36.01,-86.62,3076,13B
20180852706_11,2018-10-08 18:47:00,36.18,-86.8,1578,13C
20180852737_11,2018-10-08 20:30:00,36.183,-86.736,2156,13B
20180852737_12,2018-10-08 20:30:00,36.183,-86.736,2156,13B
20180852759_11,2018-10-08 18:00:00,36.162,-86.805,1525,13B
20180852842_11,2018-10-08 20:40:00,36.26,-86.682,2554,13B
20180852847_21,2018-10-08 20:00:00,36.17,-86.8,1580,13B
20180852981_11,2018-10-08 22:30:00,36.223,-86.763,1882,13B
20180853009_11,2018-10-08 22:30:00,36.199,-86.628,2995,13B
20180853023_11,2018-10-08 21:50:00,36.17,-86.8,1580,13A
20180853201_11,2018-10-08 21:00:00,36.19,-86.82,1409,13B
20180853250_11,2018-10-09 00:30:00,36.194,-86.763,1887,13B
20180853264_11,2018-10-09 00:40:00,36.204,-86.777,1758,13B
20180853273_11,2018-10-06 21:45:00,36.34,-86.773,1797,13A
20180853298_11,2018-10-09 01:00:00,36.14,-86.62,3054,13A
20180853315_12,2018-10-09 01:05:00,36.28,-86.71,2323,13A
20180853428_11,2018-10-09 02:10:00,36.183,-86.774,1761,13B
20180853433_11,2018-10-09 01:30:00,36.15,-86.62,3052,13A
20180853433_12,2018-10-09 01:30:00,36.15,-86.62,3052,13A
20180853449_11,2018-10-09 02:21:00,36.181,-86.84,1245,13B
20180853565_11,2018-10-09 03:40:00,36.253,-86.717,2269,13B
20180853745_11,2018-10-09 05:30:00,36.17,-86.756,1959,13B
20180853745_22,2018-10-09 05:30:00,36.17,-86.756,1959,13C
20180853749_11,2018-10-08 21:45:00,36.072,-86.751,2042,13B
20180853813_11,2018-10-09 06:40:00,36.086,-86.698,2471,13C
20180853852_11,2018-10-09 04:30:00,36.253,-86.717,2269,13C
20180853852_12,2018-10-09 04:30:00,36.253,-86.717,2269,13C
20180853860_11,2018-10-09 06:30:00,36.212,-86.76,1884,13B
20180854187_11,2018-10-09 09:40:00,36.204,-86.777,1758,13B
20180854210_11,2018-10-09 09:35:00,36.27,-86.71,2324,13A
20180854222_11,2018-10-07 07:00:00,36.216,-86.633,2944,13B
20180854470_11,2018-10-07 15:30:00,36.256,-86.729,2209,13B
20180854661_11,2018-10-09 13:20:00,36.17,-86.67,2685,13B
20180854672_11,2018-10-09 13:00:00,36.13,-86.78,1770,13B
20180854751_11,2018-10-08 21:15:00,36.162,-86.772,1828,13B
20180854768_11,2018-10-04 22:00:00,36.097,-86.739,2105,13A
20180854771_11,2018-10-09 14:39:00,36.131,-86.774,1770,13B
20180854876_11,2018-10-09 14:00:00,36.172,-86.791,1638,13B
20180855001_11,2018-10-09 16:59:00,36.166,-86.753,1959,13B
20180855004_11,2018-10-09 17:00:00,36.213,-86.761,1884,13B
20180855057_11,2018-10-09 17:26:00,36.16,-86.8,1581,13B
20180855064_11,2018-10-09 16:00:00,36.172,-86.76,1891,13C
20180855163_11,2018-10-09 17:44:00,36.209,-86.78,1757,13B
20180855163_12,2018-10-09 17:44:00,36.209,-86.78,1757,13B
20180855379_11,2018-10-09 19:14:00,36.154,-86.795,1641,13C
20180855393_11,2018-10-09 19:18:00,36.19,-86.768,1823,13B
20180855426_11,2018-10-06 03:00:00,36.26,-86.766,1876,13B
20180855637_11,2018-10-09 21:30:00,36.132,-86.724,2230,13B
20180855646_11,2018-10-09 19:30:00,36.08,-86.66,2756,13B
20180855646_12,2018-10-09 19:30:00,36.08,-86.66,2756,13B
20180855653_11,2018-10-09 20:08:00,36.191,-86.834,1299,13A
20180855653_12,2018-10-09 20:08:00,36.191,-86.834,1299,13A
20180855770_11,2018-10-09 21:17:00,36.166,-86.659,2741,13C
20180855789_11,2018-10-09 20:30:00,36.03,-86.59,3253,13A
20180855795_11,2018-10-09 22:20:00,36.19,-86.81,1464,13A
20180855816_11,2018-10-09 21:56:00,36.13,-86.71,2348,13B
20180855838_22,2018-10-06 17:30:00,36.14,-86.89,843,13C
20180855857_11,2018-10-09 22:08:00,36.07,-86.69,2530,13A
20180855911_11,2018-10-09 22:47:00,36.166,-86.659,2741,13B
20180855911_12,2018-10-09 22:47:00,36.166,-86.659,2741,13B
20180855914_11,2018-10-09 22:30:00,36.134,-86.802,1586,13B
20180855916_11,2018-10-09 22:00:00,36.033,-86.581,3288,13B
20180855923_11,2018-10-09 22:05:00,36.12,-86.78,1772,13C
20180855926_11,2018-10-09 22:38:00,36.162,-86.822,1414,13B
20180855930_11,2018-10-09 22:56:00,36.337,-86.78,1735,13B
20180855930_12,2018-10-09 22:56:00,36.337,-86.78,1735,13B
20180855936_11,2018-10-09 23:00:00,36.16,-86.78,1765,13A
20180855948_11,2018-10-09 23:13:00,36.167,-86.662,2741,13B
20180855965_11,2018-10-09 23:15:00,36.082,-86.716,2357,13B
20180856138_11,2018-10-10 00:49:00,36.18,-86.82,1411,13B
20180856149_11,2018-10-10 00:15:00,36.206,-86.776,1757,13B
20180856155_11,2018-10-10 01:00:00,36.204,-86.789,1633,13B
20180856255_11,2018-10-10 02:05:00,36.243,-86.668,2672,13B
20180856556_11,2018-10-10 03:30:00,36.156,-86.811,1470,13A
20180856673_11,2018-10-10 06:12:00,36.16,-86.79,1640,13B
20180856678_11,2018-10-10 06:40:00,36.16,-86.652,2798,13B
20180856678_12,2018-10-10 06:40:00,36.16,-86.652,2798,13B
20180856753_11,2018-10-10 07:28:00,36.16,-86.82,1414,13C
20180856757_11,2018-10-09 13:00:00,36.043,-86.641,2924,13A
20180856874_11,2018-10-10 08:17:00,36.2,-86.82,1407,13C
20180856908_11,2018-10-10 06:30:00,36.043,-86.641,2924,13B
20180857140_11,2018-10-10 10:50:00,36.167,-86.815,1468,13C
20180857210_11,2018-10-10 11:25:00,36.174,-86.602,3144,13B
20180857229_11,2018-10-10 00:40:00,36.252,-86.718,2269,13B
20180857234_11,2018-10-10 11:40:00,36.155,-86.652,2799,13A
20180857411_11,2018-10-08 00:00:00,36.153,-86.784,1704,13A
20180857415_11,2018-10-10 13:30:00,36.3,-86.86,1050,13B
20180857573_11,2018-10-10 00:00:00,36.22,-86.76,1883,13C
20180857622_11,2018-10-10 15:14:00,36.18,-86.6,3186,13B
20180857635_11,2018-10-10 14:00:00,36.164,-86.815,1469,13B
20180857704_11,2018-10-10 16:27:00,36.14,-86.79,1644,13A
20180857757_11,2018-10-09 20:00:00,35.985,-86.662,2772,13C
20180857837_11,2018-10-10 15:30:00,36.243,-86.779,1751,13B
20180857950_11,2018-10-10 17:00:00,36.055,-86.728,2243,13A
20180858114_11,2018-10-10 14:00:00,36.183,-86.842,1244,13B
20180858180_11,2018-10-10 17:30:00,36.199,-86.829,1353,13B
20180858599_11,2018-10-10 21:40:00,36.073,-86.921,617,13C
20180858601_11,2018-10-10 21:36:00,36.172,-86.594,3187,13B
20180858758_11,2018-10-10 21:00:00,36.26,-86.73,2208,13C
20180858758_12,2018-10-10 21:00:00,36.26,-86.73,2208,13C
20180858812_11,2018-10-11 00:05:00,36.213,-86.762,1884,13B
20180858935_11,2018-10-10 23:00:00,36.347,-86.735,2128,13B
20180858948_11,2018-10-10 23:30:00,36.14,-86.79,1644,13B
20180858971_11,2018-10-11 01:27:00,36.099,-86.743,2105,13B
20180859008_11,2018-10-11 01:30:00,36.17,-86.81,1468,13A
20180859130_11,2018-10-11 02:30:00,36.166,-86.759,1959,13B
20180859195_11,2018-10-11 03:30:00,36.16,-86.78,1765,13B
20180859488_11,2018-10-11 04:00:00,36.14,-86.67,2690,13C
20180859909_11,2018-10-11 10:30:00,36.298,-86.745,2003,13B
20180859909_12,2018-10-11 10:30:00,36.298,-86.745,2003,13B
20180860021_11,2018-10-11 11:21:00,36.17,-86.8,1580,13C
20180860040_11,2018-10-11 03:00:00,36.162,-86.775,1765,13B
20180860085_11,2018-10-11 11:30:00,36.145,-86.764,1896,13B
20180860114_11,2018-10-11 11:45:00,36.22,-86.8,1571,13C
20180860195_11,2018-10-11 00:30:00,36.14,-86.75,2031,13B
20180860296_11,2018-10-11 13:30:00,36.16,-86.78,1765,13B
20180860309_11,2018-10-09 22:30:00,36.07,-86.69,2530,13A
20180860354_11,2018-10-11 14:00:00,36.152,-86.773,1830,13B
20180860398_11,2018-10-11 15:09:00,36.17,-86.78,1764,13B
20180860415_11,2018-10-11 09:00:00,36.258,-86.746,2010,13B
20180860420_22,2018-10-11 13:08:00,36.2,-86.74,2087,13B
20180860472_11,2018-10-11 14:15:00,36.19,-86.77,1823,13B
20180860472_12,2018-10-11 14:15:00,36.19,-86.77,1823,13B
20180860523_11,2018-10-11 15:00:00,36.11,-86.75,2036,13C
20180860535_11,2018-10-11 15:50:00,36.17,-86.78,1764,13B
20180860592_11,2018-10-08 00:00:00,36.14,-86.86,1078,13B
20180860648_11,2018-10-11 16:30:00,36.269,-86.683,2552,13A
20180860738_11,2018-10-11 17:21:00,36.268,-86.686,2553,13B
20180860738_12,2018-10-11 17:21:00,36.268,-86.686,2553,13B
20180860783_11,2018-10-11 17:39:00,36.119,-86.997,132,13A
20180860783_22,2018-10-11 17:39:00,36.119,-86.997,132,13B
20180860897_11,2018-10-11 16:21:00,36.15,-86.59,3232,13C
20180860970_11,2018-10-11 18:00:00,36.04,-86.78,1786,13C
20180860974_11,2018-10-11 18:54:00,36.19,-86.69,2509,13A
20180861106_11,2018-10-11 19:17:00,36.151,-86.763,1895,13B
20180861106_12,2018-10-11 19:17:00,36.151,-86.763,1895,13B
20180861479_11,2018-10-10 21:45:00,36.291,-86.741,2072,13B
20180861485_11,2018-10-11 22:30:00,36.081,-86.703,2415,13B
20180861500_11,2018-10-08 20:00:00,36.08,-86.72,2299,13B
20180861503_11,2018-10-11 23:00:00,36.044,-86.666,2706,13B
20180861509_11,2018-10-11 19:17:00,36.15,-86.76,1895,13B
20180861518_11,2018-10-11 22:50:00,36.161,-86.777,1765,13B
20180861554_11,2018-10-11 23:25:00,36.174,-86.606,3144,13B
20180861566_11,2018-10-11 23:30:00,36.19,-86.75,2022,13B
20180861658_11,2018-10-12 00:00:00,36.042,-86.661,2763,13B
20180861814_11,2018-10-12 02:40:00,36.045,-86.61,3118,13B
20180861847_11,2018-10-12 01:00:00,36.23,-86.756,1948,13A
20180861847_12,2018-10-12 01:00:00,36.23,-86.756,1948,13A
20180861988_11,2018-10-12 04:00:00,36.06,-86.641,2922,13B
20180861988_12,2018-10-12 04:00:00,36.06,-86.641,2922,13B
20180862339_21,2018-10-12 07:45:00,36.168,-86.757,1959,13A
20180862467_11,2018-10-11 23:30:00,36.072,-86.636,2968,13B
20180862716_11,2018-10-12 10:30:00,36.067,-86.584,3282,13A
20180862802_11,2018-10-12 11:27:00,36.204,-86.777,1758,13B
20180862912_11,2018-10-12 00:20:00,36.09,-86.73,2237,13C
20180863070_11,2018-10-12 13:25:00,36.217,-86.763,1883,13B
20180863076_11,2018-10-12 13:46:00,36.16,-86.78,1765,13B
20180863189_11,2018-10-12 13:50:00,36.166,-86.781,1701,13B
20180863189_12,2018-10-12 13:50:00,36.166,-86.781,1701,13B
20180863206_11,2018-10-12 14:45:00,36.23,-86.78,1753,13B
20180863236_22,2018-10-12 13:58:00,36.22,-86.8,1571,13C
20180863321_11,2018-10-12 10:00:00,36.14,-86.79,1644,13C
20180863459_11,2018-10-12 17:57:00,36.166,-86.756,1959,13B
20180863459_12,2018-10-12 17:57:00,36.166,-86.756,1959,13B
20180863479_11,2018-10-12 16:30:00,36.19,-86.82,1409,13A
20180863567_11,2018-10-12 17:58:00,36.18,-86.8,1578,13B
20180863601_11,2018-10-12 18:30:00,36.28,-86.87,995,13C
20180863601_12,2018-10-12 18:30:00,36.28,-86.87,995,13C
20180863618_11,2018-10-12 17:00:00,36.13,-86.71,2348,13B
20180863724_11,2018-10-12 19:00:00,36.044,-86.666,2706,13B
20180863758_11,2018-10-12 18:16:00,36.07,-86.72,2301,13C
20180863858_11,2018-10-12 20:30:00,36.251,-86.743,2079,13B
20180863881_11,2018-10-12 20:40:00,36.08,-86.66,2756,13A
20180863891_11,2018-10-11 21:00:00,36.153,-86.759,1962,13B
20180863918_11,2018-10-12 20:21:00,36.176,-86.59,3228,13B
20180863985_11,2018-10-12 21:30:00,36.081,-86.755,1974,13B
20180863987_11,2018-10-07 20:00:00,36.15,-86.76,1895,13A
20180863990_11,2018-10-12 20:43:00,36.044,-86.666,2706,13B
20180864085_11,2018-10-09 00:00:00,36.084,-86.738,2107,13C
20180864109_11,2018-10-12 23:00:00,36.051,-86.96,384,13B
20180864144_11,2018-10-12 23:00:00,36.259,-86.762,1876,13A
20180864174_11,2018-10-12 23:15:00,36.21,-86.78,1757,13A
20180864218_11,2018-10-12 22:20:00,36.207,-86.77,1820,13B
20180864227_11,2018-10-13 00:05:00,36.148,-86.831,1361,13B
20180864227_12,2018-10-13 00:05:00,36.148,-86.831,1361,13B
20180864287_11,2018-10-12 23:00:00,36.175,-86.763,1891,13A
20180864302_12,2018-10-13 00:48:00,36.09,-86.71,2355,13A
20180864302_13,2018-10-13 00:48:00,36.09,-86.71,2355,13A
20180864305_11,2018-10-13 00:30:00,36.159,-86.782,1702,13B
20180864337_11,2018-10-12 22:30:00,36.18,-86.79,1637,13B
20180864338_11,2018-10-13 01:10:00,36.045,-86.588,3250,13B
20180864338_12,2018-10-13 01:10:00,36.045,-86.588,3250,13B
20180864340_22,2018-10-13 01:00:00,36.18,-86.76,1890,13B
20180864442_11,2018-10-13 02:00:00,36.195,-86.763,1887,13B
20180864526_11,2018-10-13 03:00:00,36.2,-86.74,2087,13A
20180864530_11,2018-10-13 02:08:00,36.121,-86.703,2408,13A
20180864669_11,2018-10-13 04:37:00,36.13,-86.76,1898,13C
20180864669_12,2018-10-13 04:37:00,36.13,-86.76,1898,13C
20180864944_11,2018-10-13 06:00:00,36.15,-86.8,1583,13A
20180865099_11,2018-10-13 09:00:00,36.24,-86.71,2329,13A
20180865104_11,2018-10-13 08:30:00,36.119,-86.743,2101,13A
20180865110_11,2018-10-13 06:00:00,36.257,-86.767,1812,13B
20180865116_11,2018-10-13 00:45:00,36.17,-86.76,1892,13B
20180865147_11,2018-10-13 09:22:00,36.171,-86.779,1763,13B
20180865160_11,2018-10-13 09:00:00,36.202,-86.765,1886,13B
20180865253_11,2018-10-13 10:00:00,36.163,-86.597,3189,13B
20180865257_11,2018-10-13 10:30:00,36.186,-86.772,1824,13C
20180865309_11,2018-10-13 10:30:00,36.081,-86.699,2472,13B
20180865338_11,2018-10-13 11:00:00,36.146,-86.753,1963,13B
20180865364_11,2018-10-13 13:00:00,36.188,-86.817,1409,13B
20180865364_12,2018-10-13 13:00:00,36.188,-86.817,1409,13B
20180865375_11,2018-10-13 00:00:00,36.19,-86.88,952,13B
20180865406_11,2018-10-13 00:52:00,36.14,-86.74,2098,13A
20180865427_11,2018-10-13 11:00:00,36.206,-86.773,1820,13B
20180865488_11,2018-10-13 10:00:00,36.253,-86.774,1749,13B
20180865548_11,2018-10-12 17:00:00,36.188,-86.817,1409,13B
20180865563_11,2018-10-13 15:11:00,36.26,-86.71,2326,13A
20180865641_11,2018-10-13 15:47:00,36.216,-86.82,1405,13B
20180865746_11,2018-10-13 16:58:00,36.17,-86.76,1892,13B
20180865819_11,2018-10-13 17:20:00,36.28,-86.74,2074,13B
20180865831_11,2018-10-13 17:40:00,36.19,-86.74,2089,13B
20180865831_12,2018-10-13 17:40:00,36.19,-86.74,2089,13B
20180865834_11,2018-10-13 17:30:00,36.149,-86.865,1076,13C
20180865834_12,2018-10-13 17:30:00,36.149,-86.865,1076,13C
20180865908_11,2018-10-13 19:00:00,36.227,-86.767,1817,13C
20180865908_12,2018-10-13 19:00:00,36.227,-86.767,1817,13C
20180866006_11,2018-10-13 16:46:00,36.04,-86.61,3119,13A
20180866050_11,2018-10-13 20:11:00,36.231,-86.825,1347,13B
20180866057_11,2018-10-13 20:33:00,36.193,-86.735,2155,13B
20180866058_11,2018-10-13 20:19:00,36.146,-86.819,1417,13B
20180866109_11,2018-10-13 20:53:00,36.307,-86.686,2546,13B
20180866151_22,2018-10-13 21:20:00,36.2,-86.83,1352,13A
20180866151_23,2018-10-13 21:20:00,36.2,-86.83,1352,13A
20180866156_11,2018-10-13 21:10:00,36.211,-86.764,1885,13B
20180866249_11,2018-10-13 22:30:00,36.182,-86.725,2222,13A
20180866268_11,2018-10-13 20:50:00,36.21,-86.71,2335,13C
20180866277_11,2018-10-13 23:00:00,36.211,-86.764,1885,13A
20180866280_11,2018-10-13 23:00:00,36.255,-86.713,2327,13A
20180866289_11,2018-10-13 22:30:00,36.16,-86.78,1765,13B
20180866289_12,2018-10-13 22:30:00,36.16,-86.78,1765,13B
20180866289_13,2018-10-13 22:30:00,36.16,-86.78,1765,13B
20180866293_11,2018-10-13 23:21:00,36.177,-86.749,2024,13B
20180866299_11,2018-10-13 23:00:00,36.15,-86.81,1471,13B
20180866337_11,2018-10-13 22:00:00,36.16,-86.78,1765,13B
20180866408_11,2018-10-14 00:15:00,36.151,-86.761,1895,13B
20180866429_11,2018-10-14 00:52:00,36.197,-86.772,1822,13C
20180866431_11,2018-10-13 23:40:00,36.144,-86.749,2030,13B
20180866548_11,2018-10-14 01:30:00,36.07,-86.674,2645,13B
20180866548_12,2018-10-14 01:30:00,36.07,-86.674,2645,13B
20180866600_11,2018-10-14 02:32:00,36.295,-86.705,2378,13C
20180866657_11,2018-10-14 03:00:00,36.232,-86.73,2213,13B
20180866661_11,2018-10-14 02:45:00,36.199,-86.777,1759,13B
20180866671_11,2018-10-14 01:00:00,36.16,-86.82,1414,13B
20180866688_11,2018-10-14 03:00:00,36.053,-86.706,2420,13B
20180866737_11,2018-10-14 04:30:00,36.17,-86.81,1468,13B
20180866737_12,2018-10-14 04:30:00,36.17,-86.81,1468,13B
20180866820_11,2018-10-14 05:00:00,36.149,-86.758,1962,13A
20180866953_11,2018-10-14 05:00:00,36.123,-86.722,2292,13B
20180866994_11,2018-10-14 07:37:00,36.209,-86.778,1757,13A
20180866994_12,2018-10-14 07:37:00,36.209,-86.778,1757,13A
20180867055_11,2018-10-14 08:02:00,36.184,-86.81,1465,13B
20180867101_11,2018-10-13 23:00:00,36.05,-86.64,2923,13C
20180867235_22,2018-10-14 09:45:00,36.178,-86.616,3047,13C
20180867262_11,2018-10-14 10:20:00,36.154,-86.802,1582,13B
20180867339_11,2018-10-13 22:00:00,36.274,-86.717,2266,13A
20180867385_11,2018-10-14 00:10:00,36.188,-86.811,1464,13A
20180867440_11,2018-10-14 00:50:00,36.151,-86.762,1895,13A
20180867446_11,2018-10-14 00:00:00,36.041,-86.721,2306,13B
20180867456_11,2018-10-14 13:00:00,36.16,-86.83,1359,13B
20180867481_12,2018-10-14 13:00:00,36.15,-86.76,1895,13B
20180867662_11,2018-10-14 15:00:00,36.268,-86.724,2207,13B
20180867684_11,2018-10-14 15:30:00,36.165,-86.769,1827,13B
20180867764_11,2018-10-13 19:30:00,36.144,-86.88,960,13C
20180867765_11,2018-10-13 20:00:00,36.075,-86.673,2644,13B
20180867790_11,2018-10-14 13:45:00,36.17,-86.79,1639,13C
20180867800_11,2018-10-14 16:15:00,36.038,-86.747,2048,13B
20180867859_11,2018-10-14 17:00:00,36.278,-86.672,2666,13A
20180867868_11,2018-10-14 17:30:00,36.17,-86.77,1827,13B
20180867882_11,2018-10-14 16:00:00,36.074,-86.689,2529,13B
20180868009_11,2018-10-14 17:00:00,36.073,-86.679,2644,13B
20180868044_11,2018-10-14 17:42:00,36.18,-86.8,1578,13B
20180868066_11,2018-10-14 19:13:00,36.21,-86.78,1757,13A
20180868200_11,2018-10-14 21:09:00,36.246,-86.779,1750,13B
20180868205_12,2018-10-14 21:23:00,36.21,-86.78,1757,13A
20180868205_13,2018-10-14 21:23:00,36.21,-86.78,1757,13A
20180868317_11,2018-10-14 23:12:00,36.156,-86.83,1360,13B
20180868376_11,2018-10-15 00:00:00,36.06,-86.641,2922,13C
20180868376_12,2018-10-15 00:00:00,36.06,-86.641,2922,13C
20180868465_11,2018-10-15 00:54:00,36.03,-86.59,3253,13A
20180868508_11,2018-10-15 01:20:00,36.082,-86.715,2357,13A
20180868662_11,2018-10-15 02:30:00,36.058,-86.741,2112,13B
20180868682_11,2018-10-14 02:40:00,36.15,-86.8,1583,13B
20180868699_11,2018-10-15 03:00:00,36.171,-86.811,1467,13B
20180868742_11,2018-10-14 21:30:00,36.032,-86.582,3288,13A
20180869314_11,2018-10-14 09:00:00,36.01,-86.62,3076,13C
20180869523_11,2018-10-15 11:30:00,36.065,-86.686,2588,13B
20180869523_12,2018-10-15 11:30:00,36.065,-86.686,2588,13B
20180869524_11,2018-10-14 13:28:00,36.1,-86.92,613,13B
20180869648_11,2018-10-15 11:50:00,36.213,-86.778,1756,13B
20180869654_11,2018-10-15 00:00:00,36.08,-86.7,2472,13B
20180869734_11,2018-10-14 00:00:00,36.07,-86.68,2645,13B
20180869788_11,2018-10-15 13:00:00,36.22,-86.74,2084,13C
20180869819_11,2018-10-15 13:00:00,36.133,-86.721,2290,13B
20180869819_12,2018-10-15 13:00:00,36.133,-86.721,2290,13B
20180869958_11,2018-10-15 14:30:00,36.135,-86.906,725,13A
20180869994_11,2018-10-15 14:59:00,36.238,-86.907,707,13A
20180870014_11,2018-10-14 19:30:00,36.12,-86.7,2465,13C
20180870162_11,2018-10-11 21:49:00,36.19,-86.82,1409,13B
20180870204_11,2018-10-15 14:59:00,36.238,-86.907,707,13B
20180870389_11,2018-10-15 17:39:00,36.167,-86.622,3049,13B
20180870392_11,2018-10-15 17:45:00,36.178,-86.759,1957,13A
20180870419_21,2018-10-15 16:00:00,36.34,-86.76,1862,13B
20180870524_11,2018-10-05 00:00:00,36.18,-86.81,1466,13C
20180870524_12,2018-10-05 00:00:00,36.18,-86.81,1466,13C
20180870624_11,2018-10-15 18:49:00,36.183,-86.834,1300,13C
20180870662_11,2018-10-03 01:00:00,36.081,-86.584,3280,13A
20180870664_11,2018-10-15 18:15:00,36.21,-86.78,1757,13A
20180870674_11,2018-10-15 20:00:00,36.17,-86.78,1764,13B
20180870674_12,2018-10-15 20:00:00,36.17,-86.78,1764,13B
20180870734_11,2018-10-15 20:08:00,36.087,-86.604,3159,13C
20180870830_11,2018-10-15 20:45:00,36.295,-86.694,2491,13B
20180870838_11,2018-10-15 08:00:00,36.142,-86.641,2907,13B
20180870852_11,2018-10-15 21:12:00,36.044,-86.65,2874,13B
20180871037_11,2018-10-15 22:00:00,36.151,-86.757,1962,13C
20180871063_11,2018-10-15 22:50:00,36.18,-86.84,1245,13B
20180871073_11,2018-10-15 23:10:00,36.086,-86.936,515,13B
20180871144_11,2018-10-15 20:00:00,36.19,-86.82,1409,13B
20180871196_11,2018-10-15 23:44:00,36.04,-86.66,2763,13B
20180871235_11,2018-10-16 00:40:00,36.181,-86.76,1890,13B
20180871286_11,2018-10-16 00:00:00,36.295,-86.694,2491,13B
20180871288_11,2018-10-16 00:30:00,36.16,-86.78,1765,13B
20180871288_12,2018-10-16 00:30:00,36.16,-86.78,1765,13B
20180871288_13,2018-10-16 00:30:00,36.16,-86.78,1765,13B
20180871289_11,2018-10-16 00:40:00,36.23,-86.76,1881,13A
20180871331_11,2018-10-16 01:20:00,36.229,-86.744,2082,13A
20180871487_11,2018-10-16 03:27:00,36.09,-86.73,2237,13A
20180871487_12,2018-10-16 03:27:00,36.09,-86.73,2237,13A
20180871487_13,2018-10-16 03:27:00,36.09,-86.73,2237,13A
20180871824_11,2018-10-13 13:00:00,36.188,-86.817,1409,13A
20180871824_12,2018-10-13 13:00:00,36.188,-86.817,1409,13A
20180871915_11,2018-10-16 05:40:00,36.14,-86.79,1644,13A
20180872298_11,2018-10-16 08:15:00,36.16,-86.78,1765,13B
20180872347_11,2018-10-15 17:30:00,36.04,-86.77,1849,13A
20180872428_11,2018-10-16 10:45:00,36.15,-86.81,1471,13B
20180872484_11,2018-10-16 11:00:00,36.17,-86.756,1959,13A
20180872609_11,2018-10-16 00:12:00,36.174,-86.815,1467,13C
20180872715_11,2018-10-15 20:00:00,36.08,-86.92,616,13C
20180872891_11,2018-10-14 03:45:00,36.17,-86.76,1892,13B
20180872896_11,2018-10-16 14:50:00,36.164,-86.855,1133,13A
20180872908_11,2018-10-14 16:30:00,36.09,-86.72,2297,13B
20180873180_11,2018-10-16 16:34:00,36.166,-86.755,1959,13B
20180873325_11,2018-10-15 00:15:00,36.168,-86.8,1580,13A
20180873378_11,2018-10-16 18:12:00,36.22,-86.8,1571,13C
20180873451_11,2018-10-16 18:37:00,36.143,-86.787,1705,13A
20180873498_11,2018-10-16 19:00:00,36.15,-86.88,959,13B
20180873506_11,2018-10-16 19:00:00,36.05,-86.68,2648,13B
20180873580_11,2018-10-16 19:19:00,36.07,-86.61,3114,13B
20180873580_12,2018-10-16 19:19:00,36.07,-86.61,3114,13B
20180873629_11,2018-10-16 19:30:00,36.279,-86.708,2381,13B
20180873629_12,2018-10-16 19:30:00,36.279,-86.708,2381,13B
20180873632_11,2018-10-16 20:00:00,36.25,-86.77,1813,13A
20180873632_12,2018-10-16 20:00:00,36.25,-86.77,1813,13A
20180873700_11,2018-10-16 19:30:00,36.047,-86.742,2114,13B
20180873818_11,2018-10-16 20:00:00,36.181,-86.597,3186,13B
20180873930_11,2018-10-16 22:30:00,36.068,-86.578,3313,13B
20180873939_11,2018-10-16 22:40:00,36.18,-86.81,1466,13A
20180873959_11,2018-10-16 22:50:00,36.141,-86.759,1964,13B
20180873963_11,2018-10-16 22:00:00,36.18,-86.81,1466,13A
20180873977_11,2018-10-16 22:30:00,36.15,-86.8,1583,13B
20180874093_11,2018-10-16 23:46:00,36.178,-86.808,1522,13B
20180874149_11,2018-10-16 23:00:00,36.213,-86.761,1884,13B
20180874167_11,2018-10-17 00:15:00,36.09,-86.73,2237,13A
20180874167_12,2018-10-17 00:15:00,36.09,-86.73,2237,13A
20180874167_13,2018-10-17 00:15:00,36.09,-86.73,2237,13A
20180874181_11,2018-10-17 00:27:00,36.173,-86.602,3144,13B
20180874202_11,2018-10-17 00:47:00,36.15,-86.76,1895,13B
20180874340_11,2018-10-17 02:00:00,36.12,-86.63,2960,13B
20180874340_12,2018-10-17 02:00:00,36.12,-86.63,2960,13B
20180874531_11,2018-10-17 03:00:00,36.282,-86.707,2380,13B
20180875223_11,2018-10-17 09:15:00,36.151,-86.805,1527,13A
20180875241_11,2018-10-17 08:30:00,36.201,-86.758,1953,13B
20180875425_11,2018-10-17 10:26:00,36.046,-86.64,2924,13B
20180875488_11,2018-10-17 10:20:00,36.15,-86.78,1767,13B
20180875519_11,2018-10-17 11:27:00,36.067,-86.64,2920,13A
20180875538_11,2018-10-17 00:55:00,36.115,-86.72,2293,13B
20180875560_11,2018-10-04 03:50:00,36.13,-86.74,2099,13B
20180875694_11,2018-10-17 11:22:00,36.169,-86.753,1959,13C
20180875790_11,2018-10-17 13:00:00,36.2,-86.8,1574,13C
20180875796_11,2018-10-17 13:30:00,36.151,-86.768,1830,13A
20180875796_12,2018-10-17 13:30:00,36.151,-86.768,1830,13A
20180875980_11,2018-10-17 14:26:00,36.075,-86.621,3065,13A
20180876040_11,2018-10-17 15:25:00,36.15,-86.76,1895,13B
20180876041_11,2018-10-17 15:25:00,36.18,-86.77,1825,13B
20180876176_11,2018-10-08 21:13:00,36.14,-86.75,2031,13B
20180876248_22,2018-10-17 16:54:00,36.13,-86.89,844,13B
20180876255_11,2018-10-17 11:00:00,36.221,-86.767,1818,13C
20180876417_11,2018-10-17 17:00:00,36.264,-86.76,1875,13C
20180876420_11,2018-10-17 18:24:00,36.158,-86.784,1703,13B
20180876532_11,2018-10-17 19:10:00,36.16,-86.77,1828,13B
20180876760_11,2018-10-17 20:33:00,36.152,-86.766,1895,13C
20180876773_11,2018-10-17 21:02:00,36.175,-86.595,3187,13B
20180876957_11,2018-10-17 22:46:00,36.06,-86.62,3068,13A
20180876980_11,2018-10-17 20:00:00,36.07,-86.72,2301,13A
20180876982_11,2018-10-17 22:29:00,36.16,-86.798,1581,13C
20180877013_11,2018-10-17 23:00:00,36.077,-86.736,2175,13B
20180877052_11,2018-10-17 22:40:00,36.18,-86.81,1466,13B
20180877127_11,2018-10-17 23:10:00,36.27,-86.68,2610,13B
20180877177_11,2018-10-18 00:30:00,36.173,-86.765,1891,13A
20180877177_22,2018-10-18 00:30:00,36.173,-86.765,1891,13B
20180877177_23,2018-10-18 00:30:00,36.173,-86.765,1891,13B
20180877394_11,2018-10-18 01:00:00,36.246,-86.716,2328,13B
20180877782_12,2018-10-18 05:50:00,36.08,-86.73,2239,13A
20180878140_11,2018-10-18 08:15:00,36.1,-86.82,1425,13A
20180878227_11,2018-10-18 10:21:00,36.254,-86.683,2555,13C
20180878505_11,2018-10-18 10:25:00,36.03,-86.61,3121,13B
20180878570_11,2018-10-18 11:24:00,36.237,-86.789,1627,13A
20180878640_11,2018-10-18 10:35:00,36.16,-86.78,1765,13C
20180878682_11,2018-10-18 13:00:00,36.076,-86.654,2813,13B
20180878753_11,2018-10-17 21:30:00,36.141,-86.738,2098,13C
20180878811_11,2018-10-16 00:00:00,36.172,-86.676,2627,13C
20180878845_11,2018-10-18 13:00:00,36.142,-86.789,1643,13B
20180878864_11,2018-10-17 15:30:00,36.22,-86.76,1883,13A
20180879047_11,2018-10-18 11:00:00,36.07,-86.68,2645,13C
20180879066_11,2018-10-18 14:13:00,36.153,-86.762,1895,13C
20180879106_11,2018-10-18 15:14:00,36.253,-86.777,1749,13A
20180879163_11,2018-10-18 14:06:00,36.17,-86.6,3188,13B
20180879190_11,2018-10-18 15:30:00,36.257,-86.69,2498,13B
20180879211_11,2018-10-18 15:20:00,36.226,-86.828,1348,13B
20180879233_11,2018-10-18 14:45:00,36.254,-86.777,1749,13B
20180879282_11,2018-10-18 16:15:00,36.209,-86.633,2945,13B
20180879328_11,2018-10-17 00:00:00,36.153,-86.762,1895,13B
20180879439_11,2018-10-18 17:15:00,36.178,-86.75,2024,13B
20180879439_12,2018-10-18 17:15:00,36.178,-86.75,2024,13B
20180879486_11,2018-10-18 18:43:00,36.12,-86.75,2034,13B
20180879495_22,2018-10-18 17:30:00,36.22,-86.7,2448,13A
20180879618_11,2018-10-18 02:00:00,36.22,-86.81,1459,13C
20180879642_11,2018-10-18 18:30:00,36.19,-86.73,2220,13A
20180879694_11,2018-10-18 18:00:00,36.27,-86.71,2324,13B
20180879714_11,2018-10-18 19:21:00,36.05,-86.65,2873,13B
20180879768_11,2018-10-18 19:36:00,36.051,-86.691,2533,13B
20180879902_11,2018-10-18 20:33:00,36.08,-86.64,2918,13A
20180879902_12,2018-10-18 20:33:00,36.08,-86.64,2918,13A
20180879931_11,2018-10-18 20:25:00,36.168,-86.76,1892,13A
20180879931_12,2018-10-18 20:25:00,36.168,-86.76,1892,13A
20180879931_13,2018-10-18 20:25:00,36.168,-86.76,1892,13A
20180879931_14,2018-10-18 20:25:00,36.168,-86.76,1892,13A
20180879931_15,2018-10-18 20:25:00,36.168,-86.76,1892,13A
20180880037_11,2018-10-18 21:00:00,36.076,-86.604,3161,13B
20180880041_11,2018-10-18 19:30:00,36.28,-86.71,2323,13C
20180880055_11,2018-10-13 23:30:00,36.175,-86.807,1523,13A
20180880188_11,2018-10-18 22:45:00,36.035,-86.728,2247,13B
20180880205_11,2018-10-18 21:00:00,36.17,-86.6,3188,13B
20180880226_11,2018-10-18 23:06:00,36.057,-86.689,2532,13A
20180880226_13,2018-10-18 23:06:00,36.057,-86.689,2532,13A
20180880228_11,2018-10-18 18:30:00,36.071,-86.642,2920,13C
20180880259_11,2018-10-18 22:45:00,36.081,-86.715,2357,13B
20180880466_11,2018-10-18 23:30:00,36.054,-86.638,2923,13B
20180880528_11,2018-10-19 00:30:00,36.17,-86.76,1892,13B
20180880545_11,2018-10-19 00:20:00,36.068,-86.694,2530,13B
20180880638_11,2018-10-19 01:00:00,36.151,-86.761,1895,13B
20180880914_11,2018-10-19 03:00:00,36.08,-86.73,2239,13A
20180881566_11,2018-10-19 09:37:00,36.16,-86.65,2854,13B
20180881686_11,2018-10-19 07:30:00,36.19,-86.8,1576,13C
20180881811_11,2018-10-19 11:08:00,36.167,-86.813,1468,13C
20180881829_11,2018-10-19 11:00:00,36.045,-86.704,2421,13B
20180881855_11,2018-10-19 11:34:00,36.19,-86.755,1955,13B
20180881875_11,2018-10-19 11:40:00,36.18,-86.75,2024,13C
20180881875_12,2018-10-19 11:40:00,36.18,-86.75,2024,13C
20180881902_11,2018-10-19 11:30:00,36.106,-86.924,612,13A
20180882025_11,2018-10-19 13:00:00,36.151,-86.761,1895,13A
20180882116_11,2018-10-19 13:00:00,36.2,-86.72,2278,13C
20180882229_11,2018-10-19 14:51:00,36.277,-86.752,2007,13B
20180882333_11,2018-10-18 21:00:00,36.17,-86.83,1358,13B
20180882357_11,2018-10-17 14:00:00,36.23,-86.6,3177,13B
20180882370_11,2018-10-19 15:30:00,36.139,-86.705,2405,13B
20180882478_11,2018-10-19 16:00:00,36.233,-86.77,1816,13B
20180882596_11,2018-10-19 17:00:00,36.15,-86.67,2688,13B
20180882596_22,2018-10-19 17:00:00,36.15,-86.67,2688,13C
20180882826_11,2018-10-19 18:58:00,36.16,-86.83,1359,13A
20180882829_11,2018-10-19 18:38:00,36.15,-86.76,1895,13C
20180882832_11,2018-10-19 19:00:00,36.169,-86.743,2093,13B
20180882864_11,2018-10-19 19:10:00,36.278,-86.697,2438,13B
20180882877_11,2018-10-19 19:00:00,36.05,-86.71,2362,13A
20180882961_11,2018-10-19 19:45:00,36.19,-86.764,1888,13B
20180882964_11,2018-10-19 19:30:00,36.196,-86.751,2021,13B
20180882964_12,2018-10-19 19:30:00,36.196,-86.751,2021,13B
20180883033_11,2018-10-19 20:44:00,36.17,-86.6,3188,13B
20180883053_11,2018-10-19 20:30:00,36.134,-86.709,2348,13B
20180883148_11,2018-10-19 21:22:00,36.21,-86.83,1351,13B
20180883231_11,2018-10-19 22:12:00,36.2,-86.77,1821,13B
20180883253_11,2018-10-19 22:00:00,36.168,-86.782,1701,13B
20180883253_13,2018-10-19 22:00:00,36.168,-86.782,1701,13B
20180883253_14,2018-10-19 22:00:00,36.168,-86.782,1701,13B
20180883273_11,2018-10-19 22:18:00,36.04,-86.66,2763,13C
20180883304_11,2018-10-20 00:01:00,36.17,-86.77,1827,13B
20180883370_11,2018-10-19 23:28:00,36.171,-86.773,1826,13B
20180883382_11,2018-10-19 23:30:00,36.161,-86.777,1765,13B
20180883446_11,2018-10-20 00:30:00,36.16,-86.78,1765,13B
20180883487_11,2018-10-20 00:30:00,36.15,-86.76,1895,13B
20180883519_11,2018-10-20 00:00:00,36.167,-86.759,1959,13C
20180883565_11,2018-10-20 01:00:00,36.143,-86.874,1018,13B
20180883565_12,2018-10-20 01:00:00,36.143,-86.874,1018,13B
20180883656_12,2018-10-20 02:09:00,36.131,-86.714,2348,13A
20180883656_21,2018-10-20 02:09:00,36.131,-86.714,2348,13B
20180883687_11,2018-10-19 21:45:00,36.17,-86.78,1764,13B
20180883705_21,2018-10-19 01:00:00,36.22,-86.76,1883,13C
20180883705_22,2018-10-19 01:00:00,36.22,-86.76,1883,13C
20180883800_11,2018-10-20 03:30:00,36.15,-86.79,1642,13B
20180883800_12,2018-10-20 03:30:00,36.15,-86.79,1642,13B
20180883800_13,2018-10-20 03:30:00,36.15,-86.79,1642,13B
20180883853_11,2018-10-20 04:00:00,36.179,-86.81,1466,13A
20180883855_11,2018-10-20 04:00:00,36.231,-86.825,1347,13A
20180883871_11,2018-10-20 04:30:00,36.118,-86.703,2409,13B
20180884048_21,2018-10-20 06:45:00,36.157,-86.787,1703,13C
20180884128_11,2018-10-20 07:09:00,36.22,-86.79,1630,13B
20180884236_11,2018-10-20 01:00:00,36.08,-86.7,2472,13A
20180884255_11,2018-10-20 09:00:00,36.04,-86.66,2763,13C
20180884342_11,2018-10-14 10:30:00,36.21,-86.69,2506,13B
20180884766_11,2018-10-20 14:37:00,36.168,-86.76,1892,13B
20180884766_12,2018-10-20 14:37:00,36.168,-86.76,1892,13B
20180884798_11,2018-10-20 15:47:00,36.202,-86.728,2218,13B
20180884822_11,2018-10-20 15:00:00,36.168,-86.799,1580,13A
20180884854_11,2018-10-20 11:00:00,36.09,-86.65,2866,13B
20180884937_11,2018-10-19 10:30:00,36.17,-86.76,1892,13A
20180885000_12,2018-10-20 16:00:00,36.076,-86.685,2586,13A
20180885082_11,2018-10-20 17:35:00,36.18,-86.8,1578,13B
20180885082_12,2018-10-20 17:35:00,36.18,-86.8,1578,13B
20180885085_11,2018-10-19 22:00:00,36.04,-86.59,3251,13A
20180885104_11,2018-10-20 18:00:00,36.165,-86.769,1827,13B
20180885149_11,2018-10-20 18:20:00,36.186,-86.843,1244,13A
20180885161_11,2018-10-20 18:20:00,36.173,-86.6,3187,13B
20180885237_11,2018-10-20 08:17:00,36.212,-86.814,1460,13C
20180885310_11,2018-10-20 20:08:00,36.148,-86.764,1895,13B
20180885345_11,2018-10-20 20:30:00,36.13,-86.89,844,13B
20180885410_11,2018-10-20 21:14:00,36.25,-86.74,2079,13B
20180885581_11,2018-10-20 21:00:00,36.15,-86.86,1076,13B
20180885660_11,2018-10-20 23:40:00,36.17,-86.77,1827,13B
20180885672_11,2018-10-20 23:00:00,36.162,-86.776,1765,13B
20180885764_11,2018-10-21 00:30:00,36.216,-86.82,1405,13B
20180885773_11,2018-10-21 00:45:00,36.064,-86.943,472,13B
20180885832_11,2018-10-21 01:00:00,36.161,-86.778,1765,13B
20180885832_12,2018-10-21 01:00:00,36.161,-86.778,1765,13B
20180885872_11,2018-10-21 01:45:00,36.154,-86.762,1894,13B
20180885926_11,2018-10-21 02:22:00,36.07,-86.69,2530,13A
20180885933_11,2018-10-21 02:11:00,36.18,-86.73,2222,13B
20180885944_11,2018-10-21 02:50:00,36.05,-86.72,2304,13B
20180885944_12,2018-10-21 02:50:00,36.05,-86.72,2304,13B
20180886052_11,2018-10-21 03:50:00,36.15,-86.81,1471,13B
20180886068_11,2018-10-21 03:15:00,36.153,-86.79,1642,13A
20180886068_12,2018-10-21 03:15:00,36.153,-86.79,1642,13A
20180886162_11,2018-10-21 05:30:00,36.15,-86.8,1583,13B
20180886225_11,2018-10-21 06:10:00,36.246,-86.716,2328,13B
20180886271_11,2018-10-21 07:10:00,36.18,-86.79,1637,13B
20180886423_11,2018-10-20 23:00:00,36.09,-86.642,2916,13B
20180886473_22,2018-10-21 08:00:00,36.133,-86.697,2463,13B
20180886500_11,2018-10-21 09:13:00,36.141,-86.786,1706,13A
20180886611_11,2018-10-21 10:22:00,36.045,-86.668,2706,13B
20180886621_11,2018-10-21 10:00:00,36.209,-86.828,1351,13A
20180886664_11,2018-10-21 10:40:00,36.175,-86.761,1891,13B
20180886664_12,2018-10-21 10:40:00,36.175,-86.761,1891,13B
20180886676_21,2018-10-21 01:01:00,36.14,-86.73,2229,13A
20180886676_22,2018-10-21 01:01:00,36.14,-86.73,2229,13A
20180886782_11,2018-10-21 00:20:00,36.277,-86.755,1940,13A
20180886788_11,2018-10-20 21:06:00,36.22,-86.6,3179,13B
20180886794_11,2018-10-21 00:58:00,36.08,-86.73,2239,13C
20180886859_11,2018-10-21 13:10:00,36.22,-86.804,1515,13A
20180886883_11,2018-10-21 13:27:00,36.15,-86.86,1076,13A
20180886940_32,2018-10-21 14:10:00,36.22,-86.804,1515,13C
20180886968_11,2018-10-21 14:30:00,36.164,-86.6,3189,13B
20180886996_11,2018-10-21 14:50:00,36.23,-86.82,1402,13C
20180887007_11,2018-10-21 14:00:00,36.042,-86.626,3022,13B
20180887012_11,2018-10-21 15:21:00,36.201,-86.618,3043,13B
20180887012_12,2018-10-21 15:21:00,36.201,-86.618,3043,13B
20180887015_11,2018-10-21 14:10:00,36.122,-86.747,2034,13C
20180887019_11,2018-10-21 15:00:00,36.082,-86.691,2528,13A
20180887023_11,2018-10-21 15:10:00,36.16,-86.84,1248,13B
20180887092_11,2018-10-20 20:15:00,36.17,-86.77,1827,13B
20180887105_11,2018-10-21 15:48:00,36.176,-86.59,3228,13C
20180887151_11,2018-10-21 16:23:00,36.121,-86.737,2167,13B
20180887246_11,2018-10-21 17:23:00,36.173,-86.602,3144,13B
20180887292_11,2018-10-21 17:51:00,36.224,-86.762,1882,13B
20180887294_11,2018-10-21 14:00:00,36.153,-86.724,2227,13A
20180887311_11,2018-10-21 17:00:00,36.081,-86.708,2415,13B
20180887311_12,2018-10-21 17:00:00,36.081,-86.708,2415,13B
20180887392_11,2018-10-21 18:46:00,36.249,-86.672,2671,13C
20180887422_11,2018-10-21 19:21:00,36.209,-86.782,1694,13B
20180887431_11,2018-10-21 19:30:00,36.145,-86.817,1417,13C
20180887475_11,2018-10-21 20:49:00,36.14,-86.77,1832,13C
20180887493_11,2018-10-20 15:00:00,36.145,-86.817,1417,13B
20180887501_11,2018-10-21 20:05:00,36.205,-86.702,2394,13B
20180887544_11,2018-10-21 20:51:00,36.26,-86.77,1811,13A
20180887544_12,2018-10-21 20:51:00,36.26,-86.77,1811,13A
20180887553_11,2018-10-21 20:30:00,36.07,-86.609,3114,13B
20180887557_21,2018-10-21 02:40:00,36.161,-86.777,1765,13B
20180887663_11,2018-10-21 22:15:00,36.183,-86.734,2156,13B
20180887676_11,2018-10-21 14:30:00,36.194,-86.744,2088,13A
20180887683_12,2018-10-21 22:30:00,36.18,-86.79,1637,13A
20180887692_11,2018-10-21 22:45:00,36.157,-86.884,899,13B
20180887695_11,2018-10-21 21:00:00,36.14,-86.81,1473,13B
20180887700_11,2018-10-21 22:10:00,36.139,-86.786,1706,13A
20180887769_11,2018-10-20 23:00:00,36.163,-86.78,1765,13B
20180887892_11,2018-10-22 00:06:00,36.175,-86.587,3228,13B
20180887916_11,2018-10-21 20:40:00,36.15,-86.86,1076,13B
20180887916_12,2018-10-21 20:40:00,36.15,-86.86,1076,13B
20180887966_11,2018-10-22 00:45:00,36.175,-86.587,3228,13B
20180888216_11,2018-10-22 03:00:00,36.226,-86.711,2332,13A
20180888551_11,2018-10-22 06:30:00,36.226,-86.711,2332,13C
20180888599_11,2018-10-22 07:30:00,36.24,-86.77,1814,13B
20180888599_12,2018-10-22 07:30:00,36.24,-86.77,1814,13B
20180888631_11,2018-10-22 07:45:00,36.189,-86.833,1299,13B
20180888637_11,2018-10-10 09:49:00,36.154,-86.777,1766,13C
20180888653_11,2018-10-22 07:59:00,36.16,-86.84,1248,13C
20180888858_11,2018-10-21 10:12:00,36.17,-86.79,1639,13C
20180889071_11,2018-10-22 11:05:00,36.036,-86.721,2307,13A
20180889076_11,2018-10-17 17:00:00,36.15,-86.7,2460,13C
20180889084_11,2018-10-19 00:01:00,36.268,-86.742,2076,13A
20180889088_11,2018-10-22 07:00:00,36.078,-86.722,2299,13B
20180889089_11,2018-10-22 10:30:00,36.15,-86.79,1642,13C
20180889253_11,2018-10-22 00:30:00,36.157,-86.787,1703,13B
20180889253_12,2018-10-22 00:30:00,36.157,-86.787,1703,13B
20180889307_11,2018-10-22 00:45:00,36.19,-86.75,2022,13A
20180889361_11,2018-10-22 13:00:00,36.15,-86.87,1017,13B
20180889391_11,2018-10-19 17:20:00,36.06,-86.63,2971,13C
20180889451_22,2018-10-22 13:30:00,36.261,-86.713,2326,13B
20180889451_23,2018-10-22 13:30:00,36.261,-86.713,2326,13B
20180889451_24,2018-10-22 13:30:00,36.261,-86.713,2326,13B
20180889582_11,2018-10-22 14:30:00,36.185,-86.816,1465,13B
20180889582_12,2018-10-22 14:30:00,36.185,-86.816,1465,13B
20180889586_11,2018-10-22 14:50:00,36.081,-86.715,2357,13B
20180889646_11,2018-10-22 15:04:00,36.08,-86.73,2239,13C
20180889667_11,2018-10-18 20:25:00,36.168,-86.76,1892,13B
20180889667_12,2018-10-18 20:25:00,36.168,-86.76,1892,13B
20180889675_11,2018-10-22 10:00:00,36.249,-86.677,2614,13C
20180889810_11,2018-10-20 19:47:00,36.193,-86.79,1635,13C
20180889941_11,2018-10-22 17:15:00,36.17,-86.76,1892,13C
20180890001_11,2018-10-22 17:10:00,36.191,-86.754,1955,13C
20180890029_11,2018-10-22 08:00:00,36.043,-86.622,3070,13C
20180890088_11,2018-10-21 20:30:00,36.247,-86.775,1750,13B
20180890127_11,2018-10-22 18:00:00,36.141,-86.787,1706,13B
20180890155_11,2018-10-22 18:25:00,36.19,-86.736,2155,13B
20180890238_11,2018-10-22 18:30:00,36.15,-86.77,1830,13B
20180890264_11,2018-10-22 00:00:00,36.043,-86.671,2706,13C
20180890276_11,2018-10-22 19:21:00,36.21,-86.78,1757,13A
20180890352_11,2018-10-22 17:00:00,36.184,-86.77,1824,13B
20180890369_11,2018-10-22 20:00:00,36.18,-86.79,1637,13B
20180890394_11,2018-10-22 19:12:00,36.293,-86.695,2435,13B
20180890444_11,2018-10-22 18:00:00,36.11,-86.75,2036,13B
20180890477_11,2018-10-22 20:40:00,36.077,-86.737,2175,13B
20180890565_11,2018-10-22 18:40:00,36.108,-86.735,2169,13C
20180890707_11,2018-10-22 22:40:00,36.26,-86.7,2441,13B
20180890834_11,2018-10-22 23:04:00,36.227,-86.745,2016,13B
20180891023_11,2018-10-23 00:40:00,36.133,-86.721,2290,13C
20180891127_11,2018-10-23 01:44:00,36.173,-86.791,1638,13A
20180891199_11,2018-10-23 01:00:00,36.184,-86.746,2023,13B
20180891232_11,2018-10-23 02:30:00,36.158,-86.796,1582,13B
20180891256_11,2018-10-23 02:30:00,36.167,-86.763,1892,13B
20180891667_32,2018-10-23 05:00:00,36.13,-86.72,2290,13A
20180891891_11,2018-10-23 07:20:00,36.14,-86.79,1644,13B
20180891950_11,2018-10-23 07:56:00,36.17,-86.8,1580,13C
20180891978_21,2018-10-23 08:11:00,36.24,-86.63,2939,13A
20180891992_11,2018-10-23 07:50:00,36.09,-86.8,1593,13B
20180892219_11,2018-10-23 09:45:00,36.157,-86.787,1703,13B
20180892219_22,2018-10-23 09:45:00,36.157,-86.787,1703,13C
20180892236_11,2018-10-23 09:30:00,36.096,-86.745,2038,13C
20180892236_12,2018-10-23 09:30:00,36.096,-86.745,2038,13C
20180892302_11,2018-10-05 21:30:00,36.171,-86.802,1579,13B
20180892320_11,2018-10-23 10:46:00,36.365,-86.738,2059,13B
20180892320_12,2018-10-23 10:46:00,36.365,-86.738,2059,13B
20180892489_11,2018-10-23 00:05:00,36.162,-86.838,1304,13A
20180892620_11,2018-10-23 00:58:00,36.15,-86.63,2955,13A
20180892621_11,2018-10-23 00:50:00,36.26,-86.71,2326,13B
20180892660_11,2018-10-23 13:15:00,36.182,-86.772,1825,13B
20180892683_11,2018-10-23 00:16:00,36.26,-86.66,2725,13C
20180892788_11,2018-10-23 13:46:00,36.074,-86.732,2175,13C
20180892858_11,2018-10-18 21:30:00,36.16,-86.78,1765,13B
20180892958_11,2018-10-19 11:00:00,36.09,-86.69,2526,13B
20180892962_11,2018-10-23 15:25:00,36.181,-86.795,1637,13B
20180893051_11,2018-10-23 13:00:00,36.045,-86.662,2762,13C
20180893092_11,2018-10-23 16:20:00,36.17,-86.76,1892,13A
20180893109_11,2018-10-23 16:00:00,36.133,-86.721,2290,13B
20180893136_11,2018-10-23 14:30:00,36.08,-86.96,379,13C
20180893141_11,2018-10-23 16:40:00,36.12,-86.744,2101,13B
20180893180_11,2018-10-23 16:55:00,36.21,-86.84,1240,13C
20180893195_11,2018-10-23 16:30:00,36.14,-86.7,2462,13B
20180893453_11,2018-10-23 17:00:00,36.069,-86.679,2645,13B
20180893566_11,2018-10-23 20:00:00,36.172,-86.676,2627,13C
20180893575_11,2018-10-23 20:11:00,36.201,-86.74,2087,13B
20180893612_11,2018-10-23 19:30:00,36.278,-86.697,2438,13B
20180893692_11,2018-10-23 19:00:00,36.109,-86.698,2467,13B
20180893697_11,2018-10-23 21:01:00,36.116,-86.744,2102,13B
20180893697_13,2018-10-23 21:01:00,36.116,-86.744,2102,13B
20180893754_11,2018-10-23 20:58:00,36.156,-86.833,1305,13C
20180893769_11,2018-10-23 20:45:00,36.273,-86.698,2439,13B
20180893781_11,2018-10-23 21:30:00,36.16,-86.79,1640,13B
20180893839_11,2018-10-18 22:00:00,36.161,-86.778,1765,13B
20180893924_11,2018-10-23 22:40:00,36.02,-86.73,2249,13B
20180893959_11,2018-10-23 21:00:00,36.2,-86.77,1821,13C
20180893961_11,2018-10-23 23:13:00,36.152,-86.796,1583,13A
20180894044_11,2018-10-23 23:49:00,36.258,-86.696,2441,13B
20180894159_11,2018-10-24 00:30:00,36.077,-86.721,2300,13B
20180894267_11,2018-10-24 01:20:00,36.214,-86.811,1460,13B
20180894851_11,2018-10-24 06:35:00,36.262,-86.746,2010,13B
20180895189_11,2018-10-24 08:00:00,36.206,-86.781,1694,13B
20180895209_11,2018-10-24 09:50:00,36.084,-86.711,2356,13B
20180895245_11,2018-10-24 10:06:00,36.04,-86.67,2707,13C
20180895298_11,2018-10-24 10:00:00,36.076,-86.644,2919,13C
20180895452_11,2018-10-24 00:28:00,36.25,-86.72,2270,13B
20180895535_11,2018-10-12 00:09:00,36.18,-86.79,1637,13B
20180895546_12,2018-10-24 00:15:00,36.17,-86.77,1827,13A
20180895600_11,2018-10-24 00:25:00,36.045,-86.714,2363,13B
20180895780_11,2018-10-24 02:00:00,36.04,-86.66,2763,13B
20180895796_11,2018-10-24 11:14:00,36.04,-86.67,2707,13C
20180895832_11,2018-10-24 14:18:00,36.147,-86.832,1307,13B
20180895968_11,2018-10-24 02:30:00,36.056,-86.696,2476,13C
20180895985_11,2018-10-24 14:52:00,36.275,-86.706,2381,13C
20180896017_11,2018-10-24 15:00:00,36.043,-86.641,2924,13B
20180896096_11,2018-10-24 05:30:00,36.045,-86.668,2706,13A
20180896273_11,2018-10-24 17:10:00,36.152,-86.767,1830,13A
20180896304_11,2018-10-24 17:10:00,36.152,-86.767,1830,13B
20180896369_11,2018-10-24 17:45:00,36.222,-86.844,1238,13A
20180896431_22,2018-10-24 17:16:00,36.19,-86.83,1354,13B
20180896467_11,2018-10-24 17:32:00,36.256,-86.729,2209,13B
20180896544_11,2018-10-24 18:52:00,36.163,-86.774,1765,13B
20180896544_12,2018-10-24 18:52:00,36.163,-86.774,1765,13B
20180896551_11,2018-10-24 17:55:00,36.14,-86.79,1644,13C
20180896586_11,2018-10-24 15:30:00,36.069,-86.679,2645,13B
20180896610_11,2018-10-24 17:50:00,36.208,-86.778,1757,13B
20180896621_11,2018-10-22 13:00:00,36.13,-86.91,725,13C
20180896628_11,2018-10-20 00:00:00,36.07,-86.69,2530,13B
20180896641_11,2018-10-24 19:00:00,36.084,-86.738,2107,13C
20180896760_11,2018-10-24 20:30:00,36.147,-86.881,960,13B
20180896784_11,2018-10-24 20:00:00,36.07,-86.728,2241,13B
20180896817_11,2018-10-23 20:00:00,36.147,-86.881,960,13B
20180896817_12,2018-10-23 20:00:00,36.147,-86.881,960,13B
20180896893_11,2018-10-24 22:07:00,36.16,-86.81,1469,13A
20180896916_11,2018-10-24 21:50:00,36.17,-86.8,1580,13B
20180896927_11,2018-10-20 18:00:00,36.229,-86.725,2213,13C
20180896943_11,2018-10-24 21:30:00,36.162,-86.774,1765,13B
20180896953_11,2018-10-24 19:20:00,36.229,-86.725,2213,13B
20180896957_11,2018-10-24 21:00:00,36.17,-86.67,2685,13B
20180897083_11,2018-10-24 22:45:00,36.16,-86.774,1765,13C
20180897111_11,2018-10-24 22:40:00,36.16,-86.779,1765,13B
20180897111_12,2018-10-24 22:40:00,36.16,-86.779,1765,13B
20180897320_11,2018-10-25 00:30:00,36.17,-86.81,1468,13A
20180897320_12,2018-10-25 00:30:00,36.17,-86.81,1468,13A
20180897370_11,2018-10-25 01:01:00,36.161,-86.776,1765,13B
20180897370_12,2018-10-25 01:01:00,36.161,-86.776,1765,13B
20180897473_11,2018-10-25 00:10:00,36.251,-86.743,2079,13B
20180897500_11,2018-10-25 02:10:00,36.068,-86.61,3114,13B
20180897707_11,2018-10-21 00:00:00,36.17,-86.79,1639,13C
20180897740_11,2018-10-25 02:00:00,36.162,-86.776,1765,13B
20180897799_11,2018-10-25 04:00:00,36.26,-86.71,2326,13B
20180898075_11,2018-10-25 07:26:00,36.22,-86.76,1883,13B
20180898171_11,2018-10-25 07:00:00,36.19,-86.81,1464,13C
20180898181_11,2018-10-25 05:40:00,36.078,-86.723,2299,13B
20180898372_11,2018-10-25 09:40:00,36.165,-86.755,1959,13B
20180898532_11,2018-10-25 10:00:00,36.08,-86.72,2299,13B
20180898650_11,2018-10-25 11:03:00,36.278,-86.754,1940,13C
20180898844_11,2018-10-25 13:00:00,36.17,-86.79,1639,13B
20180898873_11,2018-10-24 22:30:00,36.115,-86.72,2293,13B
20180898962_11,2018-10-24 22:30:00,36.115,-86.72,2293,13A
20180898981_11,2018-10-25 14:00:00,36.08,-86.66,2756,13B
20180899010_11,2018-10-25 14:00:00,36.165,-86.758,1959,13B
20180899029_11,2018-10-25 14:52:00,36.18,-86.59,3227,13A
20180899050_11,2018-10-25 15:00:00,36.26,-86.71,2326,13A
20180899109_11,2018-10-25 15:00:00,36.168,-86.797,1580,13A
20180899114_11,2018-10-25 13:00:00,36.263,-86.712,2326,13C
20180899115_11,2018-10-25 15:23:00,36.16,-86.83,1359,13B
20180899123_11,2018-10-25 15:40:00,36.175,-86.682,2569,13A
20180899156_11,2018-10-24 00:00:00,36.056,-86.606,3164,13B
20180899184_11,2018-10-25 16:06:00,36.21,-86.78,1757,13B
20180899306_11,2018-10-25 16:20:00,36.03,-86.58,3289,13C
20180899312_11,2018-10-25 16:00:00,36.3,-86.69,2490,13A
20180899372_11,2018-10-25 11:30:00,36.11,-86.82,1423,13C
20180899447_12,2018-10-25 15:00:00,36.18,-86.81,1466,13A
20180899503_11,2018-10-25 15:00:00,36.15,-86.79,1642,13B
20180899505_11,2018-10-25 18:34:00,36.053,-86.715,2362,13A
20180899533_11,2018-10-25 18:35:00,36.31,-86.87,989,13C
20180899594_11,2018-10-25 19:18:00,36.174,-86.806,1523,13A
20180899600_11,2018-10-24 19:00:00,36.29,-86.7,2436,13C
20180899600_12,2018-10-24 19:00:00,36.29,-86.7,2436,13C
20180899685_11,2018-10-25 16:05:00,36.169,-86.683,2570,13B
20180899729_11,2018-10-25 20:10:00,36.182,-86.82,1411,13C
20180899798_11,2018-10-25 20:45:00,36.181,-86.812,1466,13B
20180899802_11,2018-10-25 20:45:00,36.161,-86.779,1765,13B
20180899802_12,2018-10-25 20:45:00,36.161,-86.779,1765,13B
20180899876_11,2018-10-25 21:00:00,36.162,-86.814,1469,13C
20180899920_34,2018-10-25 21:31:00,36.12,-86.92,609,13A
20180900106_11,2018-10-25 22:00:00,36.11,-86.78,1774,13B
20180900245_11,2018-10-25 22:30:00,36.106,-86.814,1479,13A
20180900312_11,2018-10-26 00:30:00,36.154,-86.777,1766,13B
20180900349_11,2018-10-26 00:00:00,36.176,-86.608,3144,13A
20180900400_11,2018-10-26 01:22:00,36.173,-86.702,2399,13B
20180900479_11,2018-10-26 01:57:00,36.138,-86.724,2229,13A
20180901026_11,2018-10-26 06:00:00,36.15,-86.72,2287,13A
20180901057_11,2018-10-26 07:22:00,36.083,-86.725,2239,13C
20180901065_11,2018-10-26 07:00:00,36.294,-86.697,2435,13A
20180901124_11,2018-10-26 08:00:00,36.189,-86.629,2996,13B
20180901124_12,2018-10-26 08:00:00,36.189,-86.629,2996,13B
20180901124_13,2018-10-26 08:00:00,36.189,-86.629,2996,13B
20180901179_11,2018-10-26 07:55:00,36.18,-86.8,1578,13B
20180901250_11,2018-10-26 08:38:00,36.009,-86.648,2880,13B
20180901261_11,2018-10-26 00:30:00,36.26,-86.71,2326,13B
20180901483_11,2018-10-26 11:38:00,36.264,-86.724,2207,13B
20180901511_11,2018-10-26 10:00:00,36.14,-86.84,1252,13C
20180901597_11,2018-10-25 04:00:00,36.163,-86.776,1765,13C
20180901605_11,2018-10-26 09:30:00,36.04,-86.59,3251,13B
20180901842_11,2018-10-26 13:00:00,36.15,-86.696,2460,13C
20180901977_11,2018-10-26 14:22:00,36.028,-86.59,3253,13B
20180902131_11,2018-10-26 15:25:00,36.12,-86.75,2034,13B
20180902216_11,2018-10-26 16:23:00,36.162,-86.774,1765,13B
20180902216_12,2018-10-26 16:23:00,36.162,-86.774,1765,13B
20180902237_11,2018-10-26 16:06:00,36.121,-86.743,2101,13C
20180902290_12,2018-10-26 16:00:00,36.011,-86.698,2484,13B
20180902368_11,2018-10-26 17:30:00,36.235,-86.766,1880,13B
20180902448_11,2018-10-26 07:45:00,36.24,-86.8,1567,13C
20180902448_12,2018-10-26 07:45:00,36.24,-86.8,1567,13C
20180902469_11,2018-10-26 17:41:00,36.11,-86.73,2234,13A
20180902469_22,2018-10-26 17:41:00,36.11,-86.73,2234,13C
20180902570_11,2018-10-26 16:02:00,36.272,-86.692,2495,13C
20180902607_11,2018-10-26 19:15:00,36.063,-86.687,2588,13C
20180902625_11,2018-10-26 19:26:00,36.19,-86.82,1409,13A
20180902625_12,2018-10-26 19:26:00,36.19,-86.82,1409,13A
20180902625_13,2018-10-26 19:26:00,36.19,-86.82,1409,13A
20180902625_14,2018-10-26 19:26:00,36.19,-86.82,1409,13A
20180902634_11,2018-10-26 14:35:00,36.14,-86.74,2098,13C
20180902719_11,2018-10-26 15:30:00,36.152,-86.756,1962,13B
20180902806_11,2018-10-26 21:00:00,36.08,-86.74,2108,13C
20180902893_11,2018-10-26 21:30:00,36.13,-86.78,1770,13C
20180902901_11,2018-10-26 22:37:00,36.16,-86.82,1414,13A
20180902901_12,2018-10-26 22:37:00,36.16,-86.82,1414,13A
20180902974_11,2018-10-26 21:32:00,36.24,-86.77,1814,13A
20180902976_11,2018-10-26 22:50:00,36.162,-86.776,1765,13B
20180903027_11,2018-10-26 23:05:00,36.124,-86.837,1310,13B
20180903038_11,2018-10-26 23:20:00,36.158,-86.796,1582,13B
20180903127_11,2018-10-26 21:40:00,36.045,-86.663,2762,13B
20180903145_11,2018-10-27 00:34:00,36.161,-86.776,1765,13B
20180903147_11,2018-10-27 01:27:00,36.15,-86.72,2287,13C
20180903147_12,2018-10-27 01:27:00,36.15,-86.72,2287,13C
20180903174_11,2018-10-26 00:00:00,36.212,-86.765,1884,13C
20180903187_11,2018-10-27 00:56:00,36.16,-86.777,1765,13B
20180903197_11,2018-10-27 01:00:00,36.168,-86.757,1959,13B
20180903286_11,2018-10-27 01:56:00,36.094,-86.645,2866,13B
20180903286_12,2018-10-27 01:56:00,36.094,-86.645,2866,13B
20180903365_11,2018-10-26 20:00:00,36.16,-86.82,1414,13B
20180903398_11,2018-10-26 21:45:00,36.04,-86.66,2763,13B
20180903517_11,2018-10-27 03:45:00,36.09,-86.74,2106,13A
20180903763_11,2018-10-27 06:50:00,36.075,-86.73,2240,13A
20180903887_11,2018-10-27 08:28:00,36.18,-86.843,1245,13B
20180903988_11,2018-10-27 09:00:00,36.083,-86.751,2041,13C
20180903988_12,2018-10-27 09:00:00,36.083,-86.751,2041,13C
20180904003_11,2018-10-27 09:39:00,36.15,-86.77,1830,13B
20180904030_11,2018-10-27 09:00:00,36.146,-86.761,1896,13B
20180904043_11,2018-10-27 09:00:00,36.036,-86.639,2926,13B
20180904116_11,2018-10-27 10:57:00,36.07,-86.63,2969,13B
20180904121_11,2018-10-27 10:30:00,36.206,-86.781,1694,13B
20180904194_21,2018-10-27 11:50:00,36.06,-86.59,3248,13B
20180904194_23,2018-10-27 11:50:00,36.06,-86.59,3248,13B
20180904252_11,2018-10-27 00:30:00,36.16,-86.78,1765,13B
20180904252_12,2018-10-27 00:30:00,36.16,-86.78,1765,13B
20180904390_11,2018-10-27 13:38:00,36.151,-86.797,1583,13A
20180904394_11,2018-10-27 13:45:00,36.16,-86.83,1359,13B
20180904449_11,2018-10-27 14:00:00,36.152,-86.764,1895,13B
20180904449_12,2018-10-27 14:00:00,36.152,-86.764,1895,13B
20180904465_11,2018-10-27 14:30:00,36.181,-86.772,1825,13B
20180904472_11,2018-10-27 14:00:00,36.198,-86.723,2279,13B
20180904514_11,2018-10-27 15:14:00,36.007,-86.654,2825,13B
20180904595_11,2018-10-27 15:50:00,36.152,-86.681,2573,13B
20180904645_11,2018-10-27 16:18:00,36.142,-86.641,2907,13A
20180904724_11,2018-10-27 16:00:00,36.17,-86.79,1639,13B
20180904732_11,2018-10-27 17:00:00,36.218,-86.763,1883,13A
20180904779_11,2018-10-27 17:40:00,36.169,-86.807,1524,13B
20180904799_11,2018-10-27 17:30:00,36.17,-86.78,1764,13A
20180904806_11,2018-10-27 17:50:00,36.042,-86.674,2650,13C
20180904827_11,2018-10-27 15:50:00,36.17,-86.79,1639,13C
20180904847_11,2018-10-27 18:15:00,36.2,-86.73,2218,13A
20180904888_11,2018-10-27 18:46:00,36.18,-86.81,1466,13A
20180904945_11,2018-10-27 19:15:00,36.16,-86.8,1581,13B
20180904945_12,2018-10-27 19:15:00,36.16,-86.8,1581,13B
20180905042_11,2018-10-27 20:00:00,36.205,-86.739,2087,13A
20180905300_11,2018-10-27 22:00:00,36.268,-86.711,2325,13C
20180905328_11,2018-10-27 22:40:00,36.188,-86.798,1576,13C
20180905344_11,2018-10-27 22:00:00,36.207,-86.763,1885,13B
20180905400_11,2018-10-27 22:31:00,36.176,-86.759,1958,13C
20180905445_11,2018-10-27 10:15:00,36.11,-86.81,1478,13C
20180905519_11,2018-10-27 23:20:00,36.26,-86.7,2441,13B
20180905610_11,2018-10-28 01:30:00,36.133,-86.723,2290,13C
20180905650_11,2018-10-28 02:01:00,36.09,-86.73,2237,13A
20180905650_12,2018-10-28 02:01:00,36.09,-86.73,2237,13A
20180905658_11,2018-10-28 01:30:00,36.174,-86.763,1891,13B
20180905677_11,2018-10-28 02:20:00,36.17,-86.78,1764,13B
20180905677_12,2018-10-28 02:20:00,36.17,-86.78,1764,13B
20180905677_13,2018-10-28 02:20:00,36.17,-86.78,1764,13B
20180905688_11,2018-10-28 02:30:00,36.15,-86.797,1583,13B
20180905690_11,2018-10-28 02:46:00,36.258,-86.707,2384,13B
20180905692_11,2018-10-28 02:00:00,36.161,-86.777,1765,13B
20180905692_12,2018-10-28 02:00:00,36.161,-86.777,1765,13B
20180905729_11,2018-10-28 02:15:00,36.24,-86.78,1751,13B
20180905731_11,2018-10-28 01:00:00,36.17,-86.77,1827,13A
20180905764_11,2018-10-28 03:20:00,36.19,-86.63,2948,13B
20180905830_11,2018-10-28 04:30:00,36.14,-86.78,1769,13B
20180905846_11,2018-10-27 00:00:00,36.178,-86.6,3186,13B
20180905964_22,2018-10-28 06:10:00,36.07,-86.71,2359,13A
20180905964_23,2018-10-28 06:10:00,36.07,-86.71,2359,13A
20180906071_11,2018-10-28 07:39:00,36.051,-86.647,2873,13B
20180906211_11,2018-10-28 09:00:00,36.14,-86.782,1706,13B
20180906212_11,2018-10-28 08:45:00,36.2,-86.628,2994,13A
20180906212_12,2018-10-28 08:45:00,36.2,-86.628,2994,13A
20180906303_11,2018-10-28 08:50:00,36.074,-86.689,2529,13B
20180906345_11,2018-10-28 10:00:00,36.18,-86.844,1245,13B
20180906345_12,2018-10-28 10:00:00,36.18,-86.844,1245,13B
20180906484_11,2018-10-25 00:15:00,36.169,-86.765,1892,13B
20180906528_11,2018-10-28 00:45:00,36.19,-86.63,2948,13C
20180906531_11,2018-10-28 13:05:00,36.13,-86.902,784,13B
20180906612_11,2018-10-28 14:10:00,36.186,-86.772,1824,13B
20180906612_12,2018-10-28 14:10:00,36.186,-86.772,1824,13B
20180906635_11,2018-10-28 13:15:00,36.16,-86.82,1414,13A
20180906692_11,2018-10-28 15:10:00,36.103,-86.741,2104,13A
20180906694_11,2018-10-28 13:00:00,36.232,-86.753,1948,13C
20180906699_11,2018-10-28 15:15:00,36.16,-86.78,1765,13B
20180906724_11,2018-10-26 10:00:00,36.092,-86.648,2866,13B
20180906757_11,2018-10-28 15:00:00,36.206,-86.773,1820,13B
20180906839_11,2018-10-28 16:42:00,36.04,-86.73,2246,13A
20180906846_11,2018-10-28 16:51:00,36.161,-86.777,1765,13B
20180906858_11,2018-10-28 16:05:00,36.11,-86.92,611,13A
20180906862_11,2018-10-28 17:05:00,36.11,-86.77,1837,13C
20180906873_11,2018-10-28 17:11:00,36.16,-86.783,1702,13B
20180906921_11,2018-10-28 17:00:00,36.236,-86.693,2501,13B
20180906946_11,2018-10-28 16:03:00,36.059,-86.681,2589,13B
20180906950_21,2018-10-28 17:40:00,36.21,-86.79,1632,13B
20180906977_11,2018-10-28 18:22:00,36.246,-86.718,2270,13B
20180907066_11,2018-10-28 19:08:00,36.17,-86.68,2628,13A
20180907080_11,2018-10-28 19:20:00,36.015,-86.622,3075,13B
20180907095_21,2018-10-28 19:28:00,36.1,-86.6,3200,13B
20180907119_11,2018-10-28 19:00:00,36.174,-86.679,2627,13A
20180907128_11,2018-10-28 19:45:00,36.168,-86.779,1764,13A
20180907225_11,2018-10-28 20:56:00,36.15,-86.76,1895,13C
20180907232_11,2018-10-28 16:30:00,36.04,-86.74,2115,13B
20180907242_11,2018-10-28 20:56:00,36.1,-86.924,613,13B
20180907335_11,2018-10-28 22:13:00,36.161,-86.779,1765,13B
20180907352_21,2018-10-28 22:25:00,36.06,-86.7,2476,13A
20180907352_22,2018-10-28 22:25:00,36.06,-86.7,2476,13A
20180907352_24,2018-10-28 22:25:00,36.06,-86.7,2476,13A
20180907377_11,2018-10-28 21:45:00,36.181,-86.689,2511,13B
20180907405_11,2018-10-28 22:45:00,36.15,-86.77,1830,13A
20180907469_11,2018-10-28 23:14:00,36.21,-86.78,1757,13B
20180907518_11,2018-10-28 23:30:00,36.082,-86.707,2415,13A
20180907518_22,2018-10-28 23:30:00,36.082,-86.707,2415,13B
20180907518_23,2018-10-28 23:30:00,36.082,-86.707,2415,13B
20180907604_11,2018-10-28 18:00:00,36.178,-86.81,1466,13B
20180907651_11,2018-10-28 23:00:00,36.17,-86.76,1892,13A
20180907672_11,2018-10-28 23:20:00,36.27,-86.71,2324,13B
20180907823_11,2018-10-29 00:15:00,36.17,-86.8,1580,13B
20180907823_12,2018-10-29 00:15:00,36.17,-86.8,1580,13B
20180907846_11,2018-10-29 03:00:00,36.246,-86.716,2328,13B
20180908016_11,2018-10-29 04:00:00,36.164,-86.754,1960,13B
20180908155_22,2018-10-29 05:30:00,36.207,-86.779,1757,13B
20180908272_11,2018-10-29 08:00:00,36.147,-86.815,1472,13B
20180908282_11,2018-10-29 07:30:00,36.199,-86.729,2219,13B
20180908346_11,2018-10-29 08:05:00,36.106,-86.812,1479,13A
20180908380_11,2018-10-01 03:00:00,36.157,-86.797,1582,13C
20180908440_11,2018-10-29 08:50:00,36.15,-86.76,1895,13B
20180908518_11,2018-10-29 09:30:00,36.079,-86.769,1842,13B
20180908651_11,2018-10-29 09:00:00,36.15,-86.78,1767,13C
20180908798_11,2018-10-29 00:32:00,36.16,-86.78,1765,13C
20180908802_11,2018-10-29 11:08:00,36.169,-86.771,1827,13C
20180908884_11,2018-10-29 00:20:00,36.18,-86.81,1466,13A
20180908887_11,2018-10-29 00:00:00,36.21,-86.59,3222,13B
20180908952_11,2018-10-28 23:00:00,36.27,-86.71,2324,13B
20180909132_11,2018-10-29 13:45:00,36.176,-86.763,1891,13C
20180909197_11,2018-10-29 14:13:00,36.052,-86.593,3249,13B
20180909197_12,2018-10-29 14:13:00,36.052,-86.593,3249,13B
20180909353_11,2018-10-29 16:00:00,36.258,-86.704,2384,13B
20180909386_11,2018-10-28 13:30:00,36.023,-86.691,2538,13B
20180909440_11,2018-10-29 13:00:00,36.24,-86.78,1751,13C
20180909530_11,2018-10-29 15:00:00,36.293,-86.695,2435,13C
20180909563_11,2018-10-29 16:15:00,36.07,-86.72,2301,13B
20180909563_12,2018-10-29 16:15:00,36.07,-86.72,2301,13B
20180909677_11,2018-10-28 19:30:00,36.119,-86.746,2034,13C
20180909771_11,2018-10-29 18:23:00,36.265,-86.711,2325,13A
20180909868_22,2018-10-29 19:03:00,36.033,-86.585,3288,13B
20180909910_11,2018-10-29 19:00:00,36.29,-86.7,2436,13C
20180909969_11,2018-10-29 17:10:00,36.08,-86.76,1907,13B
20180910118_11,2018-10-29 20:50:00,36.222,-86.81,1459,13B
20180910155_11,2018-10-29 21:00:00,36.206,-86.773,1820,13A
20180910292_11,2018-10-29 22:00:00,36.18,-86.81,1466,13B
20180910292_12,2018-10-29 22:00:00,36.18,-86.81,1466,13B
20180910292_13,2018-10-29 22:00:00,36.18,-86.81,1466,13B
20180910292_14,2018-10-29 22:00:00,36.18,-86.81,1466,13B
20180910292_15,2018-10-29 22:00:00,36.18,-86.81,1466,13B
20180910292_16,2018-10-29 22:00:00,36.18,-86.81,1466,13B
20180910508_11,2018-10-29 23:53:00,36.11,-86.7,2467,13B
20180910538_11,2018-10-29 23:30:00,36.231,-86.725,2213,13A
20180910716_11,2018-10-30 01:24:00,36.155,-86.856,1134,13B
20180910991_11,2018-10-30 03:42:00,36.16,-86.78,1765,13B
20180911267_11,2018-10-30 05:58:00,36.206,-86.773,1820,13B
20180911344_11,2018-10-30 06:37:00,36.17,-86.81,1468,13B
20180911444_11,2018-10-30 06:36:00,36.12,-86.7,2465,13A
20180911444_12,2018-10-30 06:36:00,36.12,-86.7,2465,13A
20180911444_13,2018-10-30 06:36:00,36.12,-86.7,2465,13A
20180911459_11,2018-10-28 02:00:00,36.07,-86.61,3114,13B
20180911636_11,2018-10-30 07:40:00,36.08,-86.7,2472,13B
20180911636_12,2018-10-30 07:40:00,36.08,-86.7,2472,13B
20180911637_11,2018-10-30 07:40:00,36.179,-86.809,1522,13A
20180911698_22,2018-10-30 09:15:00,36.11,-86.77,1837,13B
20180912262_11,2018-10-30 13:00:00,36.18,-86.82,1411,13A
20180912264_11,2018-10-30 00:45:00,36.17,-86.76,1892,13B
20180912321_11,2018-10-28 01:15:00,36.05,-86.68,2648,13B
20180912345_11,2018-10-30 00:45:00,36.147,-86.832,1307,13A
20180912351_11,2018-10-30 13:00:00,36.18,-86.82,1411,13B
20180912417_11,2018-10-30 14:20:00,36.166,-86.781,1701,13A
20180912419_11,2018-10-30 14:15:00,36.185,-86.679,2625,13B
20180912454_11,2018-10-30 14:45:00,36.062,-86.594,3206,13B
20180912529_11,2018-10-30 15:16:00,36.18,-86.81,1466,13A
20180912552_12,2018-10-30 14:50:00,36.268,-86.694,2496,13B
20180912556_11,2018-10-30 04:45:00,36.19,-86.74,2089,13C
20180912625_11,2018-10-30 14:54:00,36.266,-86.685,2553,13C
20180912655_11,2018-10-30 16:30:00,36.204,-86.738,2087,13B
20180912758_11,2018-10-30 16:49:00,36.208,-86.789,1632,13C
20180912902_11,2018-10-30 15:55:00,36.19,-86.74,2089,13A
20180913053_12,2018-10-30 18:39:00,36.109,-87.012,87,13B
20180913082_11,2018-10-30 18:51:00,36.09,-86.72,2297,13B
20180913096_11,2018-10-30 18:00:00,36.2,-86.62,3043,13C
20180913196_12,2018-10-30 19:44:00,36.22,-86.82,1404,13A
20180913246_11,2018-10-30 19:50:00,36.165,-86.862,1073,13B
20180913361_11,2018-10-30 20:30:00,36.173,-86.802,1579,13B
20180913370_11,2018-10-30 17:00:00,36.18,-86.61,3095,13C
20180913393_11,2018-10-30 20:38:00,36.148,-86.759,1962,13B
20180913411_21,2018-10-30 21:10:00,36.217,-86.792,1630,13B
20180913425_11,2018-10-30 22:13:00,36.08,-86.703,2415,13B
20180913434_11,2018-10-30 20:30:00,36.146,-86.635,2956,13B
20180913506_11,2018-10-30 21:05:00,36.15,-86.67,2688,13C
20180913554_11,2018-10-30 22:00:00,36.16,-86.774,1765,13A
20180913572_11,2018-10-30 22:23:00,36.15,-86.76,1895,13A
20180913582_11,2018-10-30 22:26:00,36.162,-86.772,1828,13B
20180913582_12,2018-10-30 22:26:00,36.162,-86.772,1828,13B
20180913591_11,2018-10-30 22:35:00,36.194,-86.746,2021,13B
20180913619_22,2018-10-30 22:40:00,36.15,-86.84,1250,13B
20180913622_11,2018-10-29 19:00:00,36.08,-86.71,2357,13B
20180913644_11,2018-10-30 22:00:00,36.195,-86.765,1887,13A
20180913764_11,2018-10-30 22:30:00,36.15,-86.8,1583,13B
20180913764_12,2018-10-30 22:30:00,36.15,-86.8,1583,13B
20180913793_11,2018-10-30 23:55:00,36.14,-86.8,1585,13C
20180913809_11,2018-10-30 23:00:00,36.152,-86.681,2573,13B
20180913947_11,2018-10-31 00:54:00,36.175,-86.803,1523,13B
20180914053_11,2018-10-30 23:06:00,36.265,-86.711,2325,13B
20180914127_11,2018-10-31 02:05:00,36.24,-86.71,2329,13C
20180914175_11,2018-10-31 02:25:00,36.189,-86.817,1409,13B
20180914225_11,2018-10-31 02:55:00,36.215,-86.598,3180,13A
20180914684_11,2018-10-31 06:20:00,36.081,-86.715,2357,13A
20180914800_11,2018-10-31 01:48:00,36.17,-86.8,1580,13C
20180914881_11,2018-10-31 07:00:00,36.143,-86.789,1643,13C
20180914928_11,2018-10-31 08:15:00,36.2,-86.61,3091,13B
20180915166_11,2018-10-31 06:30:00,36.153,-86.669,2688,13B
20180915212_11,2018-10-27 08:00:00,36.031,-86.706,2424,13B
20180915223_11,2018-10-31 09:00:00,36.253,-86.717,2269,13B
20180915223_12,2018-10-31 09:00:00,36.253,-86.717,2269,13B
20180915451_11,2018-10-31 11:00:00,36.179,-86.772,1825,13B
20180915502_11,2018-10-31 11:30:00,36.05,-86.7,2477,13C
20180915502_12,2018-10-31 11:30:00,36.05,-86.7,2477,13C
20180915719_11,2018-10-31 00:30:00,36.13,-86.91,725,13C
20180915724_11,2018-10-31 11:40:00,36.037,-86.737,2181,13C
20180915783_12,2018-10-31 13:45:00,36.19,-86.81,1464,13A
20180915783_13,2018-10-31 13:45:00,36.19,-86.81,1464,13A
20180915826_11,2018-10-31 14:00:00,36.11,-86.77,1837,13B
20180915854_11,2018-10-31 13:50:00,36.23,-86.76,1881,13A
20180915865_12,2018-10-31 14:08:00,36.22,-86.83,1349,13A
20180915948_11,2018-10-31 14:44:00,36.17,-86.8,1580,13C
20180916021_11,2018-10-31 14:10:00,36.177,-86.757,1957,13C
20180916106_11,2018-10-31 15:15:00,36.28,-86.7,2438,13A
20180916132_11,2018-10-31 00:45:00,36.18,-86.61,3095,13B
20180916250_11,2018-10-31 00:15:00,36.3,-86.7,2434,13C
20180916261_11,2018-10-31 16:37:00,36.202,-86.766,1886,13B
20180916432_11,2018-10-31 17:04:00,36.243,-86.635,2939,13C
20180916446_11,2018-10-31 17:10:00,36.18,-86.79,1637,13B
20180916446_12,2018-10-31 17:10:00,36.18,-86.79,1637,13B
20180916461_11,2018-10-31 17:48:00,36.177,-86.809,1522,13B
20180916520_11,2018-10-31 18:10:00,36.14,-86.79,1644,13A
20180916555_11,2018-10-31 19:00:00,36.167,-86.801,1580,13B
20180916565_11,2018-10-31 18:20:00,36.17,-86.79,1639,13C
20180916575_11,2018-10-31 17:50:00,36.324,-86.868,987,13A
20180916575_12,2018-10-31 17:50:00,36.324,-86.868,987,13A
20180916627_11,2018-10-31 21:50:00,36.13,-86.71,2348,13A
20180916627_12,2018-10-31 21:50:00,36.13,-86.71,2348,13A
20180916745_11,2018-10-31 19:43:00,36.045,-86.594,3209,13B
20180916745_12,2018-10-31 19:43:00,36.045,-86.594,3209,13B
20180916809_11,2018-10-31 20:13:00,36.08,-86.69,2528,13A
20180916809_12,2018-10-31 20:13:00,36.08,-86.69,2528,13A
20180916965_11,2018-10-31 21:20:00,36.238,-86.832,1291,13C
20180916971_11,2018-10-31 21:22:00,36.07,-86.63,2969,13C
20180917022_11,2018-10-31 21:30:00,36.164,-86.82,1414,13A
20180917022_12,2018-10-31 21:30:00,36.164,-86.82,1414,13A
20180917041_11,2018-10-31 22:00:00,36.165,-86.803,1524,13A
20180917106_11,2018-10-31 22:35:00,36.17,-86.8,1580,13A
20180917106_12,2018-10-31 22:35:00,36.17,-86.8,1580,13A
20180917106_13,2018-10-31 22:35:00,36.17,-86.8,1580,13A
20180917106_14,2018-10-31 22:35:00,36.17,-86.8,1580,13A
20180917178_11,2018-10-31 22:00:00,36.06,-86.72,2303,13B
20180917219_11,2018-10-31 23:30:00,36.15,-86.62,3052,13B
20180917304_11,2018-10-31 23:22:00,36.16,-86.63,2953,13A
20180917621_11,2018-10-31 11:00:00,36.15,-86.63,2955,13B
20180918550_11,2018-10-31 00:00:00,36.26,-86.65,2837,13C
20180919113_11,2018-10-31 19:00:00,36.16,-86.68,2629,13B
20180919386_11,2018-10-01 00:00:00,36.193,-86.626,2996,13C
20180919851_11,2018-10-31 21:00:00,36.12,-86.72,2292,13C
20180921215_11,2018-10-30 00:00:00,36.26,-86.7,2441,13A
20180921336_11,2018-10-31 13:30:00,36.14,-86.8,1585,13B
20180922140_11,2018-10-04 18:00:00,36.262,-86.697,2441,13B
20180926338_11,2018-10-19 21:00:00,36.248,-86.658,2783,13C
20180926986_11,2018-10-29 00:45:00,36.18,-86.75,2024,13C
20180929148_22,2018-10-31 22:40:00,36.12,-86.87,1022,13A
20180929302_11,2018-10-22 18:30:00,36.27,-86.7,2439,13A
20180932032_11,2018-10-16 11:00:00,36.09,-86.69,2526,13C
20180932082_11,2018-10-06 18:05:00,36.184,-86.75,2023,13B
20180932157_22,2018-10-06 00:13:00,36.21,-86.8,1573,13C
20180935082_11,2018-10-08 08:35:00,36.232,-86.75,2015,13C
20180950727_11,2018-10-30 10:30:00,36.16,-86.59,3230,13B
20180954746_11,2018-10-26 00:00:00,36.25,-86.72,2270,13C
20180993467_11,2018-10-02 00:00:00,36.174,-86.601,3187,13B
20180995843_12,2018-10-01 08:00:00,36.18,-86.77,1825,13C
20180996540_11,2018-10-07 15:00:00,36.12,-86.78,1772,13B
20181006240_11,2018-10-28 00:00:00,36.17,-86.77,1827,13A
20181014999_11,2018-10-20 10:00:00,36.081,-86.699,2472,13C
20181019701_11,2018-10-01 00:00:00,36.201,-86.824,1352,13C
20181024510_11,2018-10-26 14:00:00,36.25,-86.72,2270,13C
20181067510_11,2018-10-03 02:45:00,36.195,-86.749,2021,13A
20190063090_11,2018-10-03 00:00:00,36.24,-86.68,2615,13C
